Country_Name,Year,Annual_Anomaly_C,Jan,Feb,Mar,Apr,May,Jun,Jul,Aug,Sep,Oct,Nov,Dec
United States of America,1990,0.07,(0.02),,,-0.09,(0.11),0.44,-0.44,0.3,-0.08,(0.03),-0.31,-0.39
United States of America,1991,0.2,0.36,0.4,0.6,0.74,0.22,0.34,0.22,0.7,,-0.44,-0.5,-0.22
United States of America,1992,0.54,0.46,0.76,0.85,0.68,0.6,0.98,0.52,0.92,0.53,0.01,0.09,0.07
United States of America,1993,0.43,0.28,0.22,0.74,0.6,,1.3,0.81,0.35,(0.3),0.04,0.55,-0.13
United States of America,1994,0.87,0.75,0.86,0.65,1.14,0.45,1.71,1.27,1.04,0.01,0.62,1.05,0.88
United States of America,1995,-0.32,-0.44,-0.26,-0.24,0.64,-0.77,0.19,-0.69,-0.66,-1.15,-0.6,0.26,-0.17
United States of America,1996,-0.01,0.2,0.38,0.01,0.8,0.29,0.16,-0.53,-0.06,-0.3,(0.2),-0.66,-0.26
United States of America,1997,-0.03,-0.93,0.43,(0.5),0.17,0.24,0.16,(0.18),-0.06,-0.05,0.02,0.45,(0.08)
United States of America,1998,0.26,-0.14,0.49,0.66,0.34,0.61,0.2,0.49,,0.41,0.07,-0.37,(0.13)
United States of America,1999,0.24,1.38,0.37,0.76,0.38,0.19,0.23,-0.43,0.84,(0.66),0.1,-0.24,-0.05
United States of America,2000,0.63,0.74,0.38,0.6,0.56,0.82,0.83,1.42,-0.2,0.48,0.34,0.87,0.7
United States of America,2001,0.64,0.59,0.18,1.11,0.97,0.99,1.06,0.62,0.94,0.43,0.16,0.28,0.34
United States of America,2002,0.18,0.8,0.36,0.36,0.5,1.51,-0.21,-0.19,(0.51),(0.12),0.04,-0.22,-0.17
United States of America,2003,0.46,0.17,0.59,0.99,0.84,0.89,0.9,0.48,0.2,-0.11,0.01,-0.01,0.56
United States of America,2004,0.44,0.73,0.09,1.2,0.48,0.19,0.38,1.45,0.2,0.15,0.18,0.22,0.04
United States of America,2005,0.54,0.85,0.64,0.15,0.48,0.37,0.54,0.95,0.26,0.21,0.93,0.6,0.55
United States of America,2006,0.82,1.18,0.29,1.49,0.55,1.34,0.4,0.8,0.74,0.51,0.65,1.23,0.6
United States of America,2007,0.54,0.2,0.61,0.89,0.39,0.24,0.89,1.04,0.46,0.23,0.45,0.44,0.59
United States of America,2008,-0.34,-0.74,-0.55,-0.07,-0.03,0.12,-0.11,-0.83,0.17,0.03,-1.01,-0.35,-0.65
United States of America,2009,0.64,0.94,1.47,0.99,0.83,0.55,0.69,1.06,0.4,-0.01,(0.33),0.55,0.52
United States of America,2010,0.38,0.72,0.24,0.43,0.5,0.34,0.5,0.77,(0.25),0.33,0.18,0.19,0.55
United States of America,2011,0.53,0.73,0.93,0.51,0.86,0.61,0.59,0.41,0.63,0.4,,0.36,
United States of America,2012,0.49,0.58,,0.5,0.28,0.98,0.55,0.63,0.35,0.38,0.18,-0.0,0.65
United States of America,2013,0.49,0.46,0.66,0.33,0.11,1.54,0.28,0.64,1.07,0.54,0.07,0.19,-0.04
United States of America,2014,0.82,1.09,0.76,0.62,0.54,1.43,1.01,0.95,0.44,0.11,1.05,0.71,1.13
United States of America,2015,0.65,0.41,,0.98,1.03,0.56,0.86,0.95,0.37,0.13,0.85,0.07,0.66
United States of America,2016,0.42,-0.1,1.18,(0.3),0.04,1.02,0.94,0.38,0.59,-0.55,0.72,0.56,0.51
United States of America,2017,0.57,0.88,0.77,0.1,1.76,,0.27,0.54,0.49,0.94,-0.38,0.31,(0.12)
United States of America,2018,0.53,0.43,0.75,0.55,0.51,1.04,0.9,0.84,0.44,0.21,0.37,0.64,-0.36
United States of America,2019,0.83,0.97,0.97,0.96,,0.84,1.66,0.85,0.62,0.68,0.79,0.93,0.65
United States of America,2020,1.08,1.55,1.38,1.99,0.81,1.72,0.66,1.02,1.07,0.5,0.71,1.07,0.49
United States of America,2021,1.37,0.72,2.15,1.85,1.44,1.29,1.17,1.22,1.16,1.6,1.86,1.18,0.84
United States of America,2022,0.58,0.56,0.32,0.34,1.68,0.93,0.4,0.96,0.06,0.02,0.12,1.12,0.44
United States of America,2023,0.07,0.58,0.07,-0.47,0.17,0.47,0.35,0.81,-0.35,-0.06,,-0.7,0.35
Canada,1990,0.2,0.25,0.41,0.04,-0.06,0.33,0.7,0.78,0.36,-0.02,0.05,-0.03,-0.37
Canada,1991,0.18,-0.5,0.08,0.86,0.56,(0.16),0.1,-0.3,(0.09),0.28,0.09,0.85,0.41
Canada,1992,0.19,0.38,0.13,-0.17,0.83,0.69,0.11,0.22,0.51,0.28,-0.67,0.04,(0.06)
Canada,1993,0.46,0.82,1.04,0.13,0.3,1.03,0.27,-0.2,0.52,0.02,0.92,0.35,0.37
Canada,1994,-0.04,0.63,0.23,-0.0,-0.13,0.13,-0.3,0.4,-0.83,(0.24),0.03,-0.05,-0.4
Canada,1995,0.51,-0.03,0.41,0.76,0.71,0.23,0.9,0.36,0.52,0.76,0.57,0.6,0.3
Canada,1996,0.39,0.47,0.0,0.68,0.69,0.79,0.44,0.08,0.55,-0.31,0.77,0.12,0.39
Canada,1997,0.37,0.58,(0.12),0.85,0.66,0.26,0.14,0.21,-0.28,0.86,0.74,0.35,0.15
Canada,1998,0.11,0.44,0.94,0.09,-0.11,0.93,(0.47),(0.26),-0.06,(0.66),0.39,0.31,-0.19
Canada,1999,0.75,1.19,0.66,0.6,1.71,1.07,0.81,1.15,0.63,0.23,0.44,0.85,(0.29)
Canada,2000,0.4,0.72,0.06,0.96,0.93,0.31,0.04,0.05,1.13,0.74,0.01,-0.25,0.11
Canada,2001,0.38,-0.15,0.48,,-0.17,0.85,1.0,0.12,0.93,-0.1,0.32,0.05,0.13
Canada,2002,0.07,0.39,0.55,0.26,,0.45,0.38,0.03,0.76,-0.68,-0.97,-0.35,0.3
Canada,2003,(0.04),-0.38,0.49,0.37,0.36,0.49,(0.06),-0.14,0.23,-0.7,(1.05),-0.34,0.28
Canada,2004,0.41,,-0.28,0.73,0.89,0.06,0.87,0.38,1.56,-0.62,,0.1,-0.32
Canada,2005,0.31,0.33,0.73,1.08,0.99,,0.77,0.37,-0.14,-0.04,-0.27,0.06,-0.17
Canada,2006,0.03,0.28,0.44,0.19,0.84,0.16,0.07,0.36,-0.06,-0.05,-1.12,-0.07,-0.74
Canada,2007,(0.08),-0.48,-0.26,0.01,0.06,0.5,0.25,-0.7,-0.01,0.01,-0.27,-0.14,0.03
Canada,2008,0.94,0.05,0.68,1.46,1.45,1.19,0.99,1.34,1.35,0.45,0.09,0.4,1.82
Canada,2009,-0.12,-0.18,(0.46),0.23,-0.28,0.13,-0.68,0.25,0.39,-0.32,-0.25,-0.23,-0.02
Canada,2010,0.39,0.8,1.08,0.34,0.56,1.02,0.02,-0.3,0.48,0.51,(0.0),0.08,0.08
Canada,2011,0.22,0.54,-0.11,0.33,0.1,-0.14,0.71,0.06,0.24,-0.51,-0.23,,1.2
Canada,2012,-0.07,-0.12,0.22,-0.12,0.5,-0.22,0.12,-0.25,0.34,-0.49,(0.38),0.16,-0.55
Canada,2013,0.56,-0.13,0.26,0.92,0.4,0.55,0.89,0.36,0.82,0.51,0.57,0.92,0.62
Canada,2014,1.26,1.43,0.95,1.75,1.37,1.08,1.27,1.51,1.14,1.62,1.3,1.1,0.55
Canada,2015,0.69,,0.95,1.0,0.84,0.79,0.96,0.23,1.15,-0.42,0.95,0.38,0.87
Canada,2016,0.9,0.9,1.08,1.26,0.83,1.35,0.43,0.76,0.99,0.98,0.74,0.43,1.02
Canada,2017,0.48,1.17,0.54,0.03,0.2,,0.63,1.26,(0.04),0.32,-0.15,0.1,1.05
Canada,2018,0.62,0.59,0.62,0.52,,0.07,1.12,1.13,0.28,1.16,-0.0,0.35,0.83
Canada,2019,0.45,0.03,,1.58,0.58,0.69,0.24,0.97,0.17,0.22,,,0.42
Canada,2020,1.31,1.34,1.32,1.43,1.22,2.14,0.95,1.26,1.12,1.4,1.41,,1.19
Canada,2021,0.55,(0.04),0.34,0.8,0.85,0.57,1.27,0.87,0.69,0.2,0.66,-0.35,0.71
Canada,2022,0.84,0.92,0.29,1.08,0.6,0.67,1.21,1.62,0.74,0.32,0.69,1.02,0.97
Canada,2023,1.87,1.36,1.85,2.44,2.44,1.04,1.75,2.24,2.7,1.76,1.3,1.07,2.44
Australia,1990,0.2,(0.12),0.24,0.52,0.64,0.03,0.07,-0.44,0.53,-0.09,0.21,0.61,0.21
Australia,1991,0.17,0.07,0.12,0.66,0.32,-0.05,0.51,0.48,-0.64,0.43,-0.06,-0.07,0.29
Australia,1992,-0.09,0.26,-0.17,-0.54,-0.32,0.28,(0.4),0.52,0.26,0.24,-0.27,-0.19,
Australia,1993,0.41,0.53,0.7,,0.33,0.5,0.6,-0.0,0.2,0.4,0.04,0.72,-0.33
Australia,1994,0.33,0.7,0.31,0.24,-0.2,0.29,0.96,0.41,0.8,0.02,0.52,(0.02),(0.05)
Australia,1995,0.15,-0.17,-0.42,0.19,0.34,0.77,0.57,0.58,0.28,0.05,-0.6,-0.02,0.23
Australia,1996,0.66,0.86,1.18,0.35,0.66,0.93,1.15,0.53,0.45,0.69,-0.06,1.06,0.14
Australia,1997,-0.35,(0.4),0.38,0.01,0.1,-0.21,-0.36,-1.02,-1.4,(0.5),-0.08,-0.44,-0.25
Australia,1998,0.7,0.81,0.73,0.52,1.68,,0.4,0.21,1.08,0.09,1.22,-0.6,1.14
Australia,1999,0.3,0.42,0.4,1.3,0.85,0.18,-0.22,0.44,0.27,-0.41,0.15,-0.03,0.27
Australia,2000,0.48,1.06,0.93,0.35,0.82,0.67,0.03,0.63,1.11,0.31,-0.37,0.31,-0.12
Australia,2001,0.51,0.74,0.57,0.57,0.65,0.71,0.33,-0.02,0.89,0.21,0.4,,0.56
Australia,2002,-0.09,(0.72),-0.19,0.28,-0.14,-0.02,0.9,-0.79,-0.45,0.53,-0.27,(0.51),0.32
Australia,2003,0.32,0.2,0.52,0.25,0.13,0.47,0.04,0.35,0.38,0.51,0.59,0.01,0.44
Australia,2004,0.29,0.63,0.41,0.26,0.9,-0.01,0.49,-0.52,-0.14,-0.03,0.74,0.6,0.18
Australia,2005,0.58,0.95,0.63,0.21,0.71,0.73,0.2,0.74,0.61,0.6,0.51,0.71,0.42
Australia,2006,0.28,0.3,0.33,1.17,-0.16,0.98,0.31,0.16,0.47,-0.31,-0.07,-0.05,0.27
Australia,2007,0.18,,1.0,-0.45,0.6,0.7,0.5,-0.08,,-0.29,(0.18),,0.04
Australia,2008,-0.13,-0.08,(0.4),0.26,-0.07,0.29,0.53,0.63,-1.11,-0.51,-0.32,0.01,(0.76)
Australia,2009,0.12,0.23,0.31,0.5,0.56,0.49,0.36,,0.35,-0.89,0.6,-0.87,-0.35
Australia,2010,0.3,0.7,-0.67,0.59,0.95,1.0,0.25,0.31,0.09,0.1,-0.18,-0.1,0.51
Australia,2011,0.63,0.76,0.75,1.02,1.12,0.04,0.32,0.47,0.46,0.12,0.73,1.18,0.54
Australia,2012,0.49,0.92,-0.07,0.76,1.17,,0.18,0.5,0.45,0.04,1.21,0.21,0.01
Australia,2013,0.71,0.91,0.65,0.91,0.4,1.32,0.87,0.97,0.59,0.7,-0.0,0.18,0.99
Australia,2014,1.12,0.61,1.27,1.07,0.99,1.36,1.62,1.25,0.84,1.1,0.72,1.06,1.53
Australia,2015,-0.16,0.32,-0.51,0.67,-0.05,-0.31,0.38,0.15,-0.5,(0.67),-0.27,-0.65,-0.52
Australia,2016,0.9,0.3,0.96,1.45,0.83,0.91,1.59,0.21,1.06,0.94,0.83,1.03,0.7
Australia,2017,0.65,0.94,1.05,1.12,0.72,0.39,0.68,0.88,0.81,0.16,0.43,-0.2,0.79
Australia,2018,0.39,0.78,0.11,1.05,0.79,0.33,,0.23,0.66,0.18,-0.42,-0.1,0.19
Australia,2019,1.18,1.5,1.89,1.97,1.12,1.23,1.07,0.87,0.3,0.96,0.42,0.95,1.88
Australia,2020,0.59,0.68,1.06,0.88,0.91,0.63,0.6,0.21,0.84,-0.27,0.79,-0.14,0.88
Australia,2021,0.49,0.18,1.0,1.21,0.69,1.13,(0.15),0.14,1.09,0.41,-0.28,0.22,0.2
Australia,2022,0.85,0.6,0.92,0.9,1.49,1.09,1.03,1.22,0.49,0.07,1.03,0.63,0.71
Australia,2023,0.76,0.39,1.07,1.2,1.15,1.13,0.96,0.69,0.46,0.95,0.29,0.61,0.21
France,1990,-0.28,-0.29,,0.29,-0.54,0.02,-0.04,-0.92,-0.47,-0.27,-0.23,-0.45,-0.03
France,1991,-0.02,-0.0,0.19,0.54,(0.08),-0.03,-0.18,-0.14,0.46,0.05,(0.66),-0.42,0.04
France,1992,(0.24),-0.51,0.42,-0.29,0.36,0.45,-0.42,-0.58,-0.43,-0.83,-0.37,-0.48,(0.18)
France,1993,0.54,0.82,0.79,-0.12,0.87,1.36,-0.61,0.77,0.33,-0.02,0.61,1.0,0.7
France,1994,0.03,(0.39),0.15,0.51,0.03,0.05,1.22,0.42,0.35,-0.77,-0.49,-0.15,-0.51
France,1995,0.92,1.17,0.49,1.49,0.8,1.81,0.76,0.84,1.07,0.94,0.61,0.38,0.71
France,1996,-0.25,-0.03,-0.44,(0.63),0.13,0.58,0.38,-0.13,0.5,-0.5,(1.06),-1.14,-0.67
France,1997,0.55,0.17,0.7,,0.18,0.78,0.74,0.08,0.86,0.13,0.07,1.09,0.53
France,1998,0.51,1.02,0.32,1.15,0.48,0.43,0.47,0.23,0.71,0.41,0.08,0.57,0.27
France,1999,0.17,,0.41,0.46,0.18,0.64,0.14,-0.14,-0.56,0.35,(0.07),0.04,0.44
France,2000,0.01,-0.44,0.23,0.4,0.2,0.87,-0.79,0.55,0.32,0.12,-1.43,0.45,-0.4
France,2001,0.25,0.05,0.39,0.55,0.68,0.62,0.32,0.29,-0.41,(0.35),0.28,0.28,0.31
France,2002,0.18,0.51,-0.22,0.75,0.24,0.99,(0.36),0.85,-0.1,-0.18,0.02,-0.31,0.02
France,2003,0.04,-0.18,0.4,-0.08,(0.0),-0.27,0.0,0.63,-0.33,-0.36,-0.02,(0.22),0.89
France,2004,0.3,0.44,0.78,0.84,0.59,0.41,1.21,0.26,0.02,-0.13,(0.59),0.46,-0.74
France,2005,0.21,0.29,1.37,-0.19,0.21,0.49,0.39,0.15,0.24,(0.3),0.32,-0.73,0.26
France,2006,0.41,0.63,1.02,0.26,0.98,0.27,-0.07,0.92,0.33,0.05,0.29,0.16,0.09
France,2007,(0.05),-0.08,0.38,0.15,0.59,0.35,-0.22,-0.5,(0.14),-0.36,-0.04,-0.43,-0.32
France,2008,0.85,0.83,0.58,0.95,1.52,1.06,1.1,0.47,1.08,1.52,0.25,0.12,0.74
France,2009,0.74,0.7,0.42,0.87,1.18,0.75,1.08,1.2,0.73,0.55,0.87,0.22,0.26
France,2010,0.49,0.22,0.2,1.33,1.49,0.45,0.56,0.34,0.76,0.77,-0.49,0.44,-0.2
France,2011,1.18,1.23,0.82,1.13,1.14,1.44,1.57,0.59,1.69,1.52,0.5,0.91,1.64
France,2012,0.99,0.79,1.35,2.29,1.16,0.84,1.09,1.02,0.61,0.92,0.22,0.48,1.12
France,2013,-0.06,0.41,-0.66,(0.47),0.05,0.34,0.68,0.07,(0.15),0.11,-0.5,-0.07,-0.53
France,2014,0.61,0.57,0.4,0.86,0.89,1.27,0.08,0.59,0.22,0.8,0.73,0.65,0.24
France,2015,0.72,0.28,0.3,0.55,1.08,1.33,(0.2),1.42,0.84,0.09,0.73,1.15,1.03
France,2016,1.06,0.43,0.91,0.78,1.87,1.41,2.22,0.79,0.59,0.75,1.33,0.66,0.93
France,2017,0.68,0.72,0.54,0.82,,,1.18,1.41,0.27,0.37,0.17,0.61,0.39
France,2018,0.78,1.21,-0.14,1.14,0.79,1.13,0.51,1.25,1.04,0.83,0.89,0.3,0.42
France,2019,1.06,0.64,1.63,0.99,1.35,1.96,0.77,0.98,1.27,1.16,0.62,0.57,0.76
France,2020,1.13,1.07,1.32,1.19,1.67,1.42,0.88,0.8,0.28,0.68,1.3,1.54,1.36
France,2021,1.07,0.89,1.35,1.23,,1.08,1.58,1.29,1.14,-0.04,1.11,0.72,0.66
France,2022,0.27,0.35,0.47,0.01,-0.03,0.72,0.8,0.43,0.72,0.15,0.13,-0.18,-0.37
France,2023,1.43,1.83,0.92,1.62,1.54,1.45,1.32,1.53,1.61,1.37,1.13,1.15,1.66
Germany,1990,-0.01,0.17,0.22,0.45,0.15,0.64,-0.19,-0.03,0.28,-0.49,-0.69,(0.01),(0.64)
Germany,1991,(0.36),-0.06,-0.35,0.32,-0.65,(0.23),-0.1,-0.83,-0.05,-0.33,,-0.55,(0.31)
Germany,1992,0.03,-0.72,0.08,0.93,(0.08),0.67,(0.33),-0.04,0.08,-0.3,(0.45),-0.01,0.53
Germany,1993,0.09,-0.04,0.19,1.35,0.42,0.1,(0.19),-0.57,0.21,0.25,(0.19),(0.01),-0.4
Germany,1994,0.21,0.33,0.03,0.99,0.01,0.43,0.58,0.11,-0.04,-0.6,0.48,-0.1,0.25
Germany,1995,0.34,0.08,0.35,1.03,0.08,1.35,0.13,(0.14),0.28,1.04,-0.64,0.1,0.42
Germany,1996,0.08,0.31,-0.03,0.09,0.3,-0.12,0.24,0.0,-0.13,0.12,-0.77,-0.1,0.99
Germany,1997,-0.14,0.36,-0.03,(0.22),-0.48,0.08,0.53,-0.31,-0.28,0.08,-0.21,(0.95),(0.21)
Germany,1998,0.41,0.64,-0.34,0.98,0.77,0.1,0.08,1.04,0.26,0.12,0.44,0.22,0.59
Germany,1999,0.25,-0.32,0.06,0.51,0.38,0.3,1.04,0.46,0.41,-0.08,0.05,-0.18,0.38
Germany,2000,0.27,0.31,0.38,0.38,1.59,0.12,0.05,0.49,-0.12,-0.07,,0.24,0.32
Germany,2001,0.1,0.47,(0.46),0.07,0.31,-0.12,-0.42,0.06,0.36,,(0.24),0.3,0.34
Germany,2002,0.55,0.53,0.05,0.87,0.46,0.55,0.65,0.53,0.62,0.77,0.32,0.65,0.57
Germany,2003,0.55,0.53,0.67,0.63,0.74,0.47,0.35,0.92,0.07,0.3,0.81,0.29,0.84
Germany,2004,0.15,-0.25,-0.37,0.87,-0.08,0.64,-0.13,0.7,0.96,-0.68,-0.46,0.31,0.28
Germany,2005,0.52,0.38,1.5,0.83,0.32,0.68,0.23,1.24,0.24,0.63,0.22,0.19,-0.26
Germany,2006,0.45,1.1,0.31,0.13,1.1,0.09,1.17,0.22,0.04,0.51,(0.04),0.12,0.62
Germany,2007,-0.16,0.35,-0.19,(0.65),-0.51,0.27,0.04,0.25,-0.68,(0.36),(0.33),(0.2),0.05
Germany,2008,0.19,0.19,0.09,0.39,0.71,-0.25,0.78,-0.22,0.01,0.56,0.17,0.2,-0.34
Germany,2009,0.11,0.54,0.03,,0.75,(0.08),0.37,0.18,0.06,-0.22,-0.27,-0.44,0.25
Germany,2010,0.44,0.69,0.31,0.05,0.4,0.31,0.8,0.15,0.09,0.69,0.3,0.79,0.7
Germany,2011,0.43,0.65,0.97,1.05,0.85,0.82,0.24,-0.08,0.02,(0.58),0.6,-0.03,0.68
Germany,2012,0.3,0.61,0.08,(0.16),1.03,0.8,0.37,0.19,0.26,0.09,-0.34,-0.16,0.86
Germany,2013,1.51,2.0,,1.41,1.26,1.26,1.26,2.24,2.0,1.5,0.79,1.56,1.18
Germany,2014,-0.21,0.07,-0.28,-0.2,0.05,-0.07,0.04,-0.08,-0.9,0.39,-0.64,-0.6,-0.28
Germany,2015,0.77,1.18,0.8,0.99,0.9,0.86,0.82,-0.18,0.39,0.88,1.97,-0.06,0.66
Germany,2016,0.53,1.3,0.04,0.9,0.12,0.52,0.56,0.91,-0.05,0.57,0.29,0.41,0.76
Germany,2017,0.31,0.61,0.16,0.9,0.62,0.38,0.15,0.62,0.69,-0.1,-0.36,0.39,-0.39
Germany,2018,0.12,(0.12),0.24,-0.05,-0.27,0.03,0.67,-0.2,0.07,0.91,0.09,0.27,(0.17)
Germany,2019,1.33,1.16,1.38,2.07,1.5,1.57,1.36,1.26,1.42,1.42,0.92,0.89,1.03
Germany,2020,0.17,-0.31,0.55,0.88,0.88,-0.45,0.33,-0.11,0.29,-0.01,0.37,0.15,-0.53
Germany,2021,0.21,0.49,0.62,0.1,0.07,0.68,0.02,-0.18,,0.12,-0.07,0.03,0.39
Germany,2022,0.66,0.61,0.53,0.82,1.14,1.09,1.2,0.92,0.58,0.24,0.23,0.06,0.49
Germany,2023,0.92,0.74,1.12,0.94,1.32,0.99,0.84,0.76,1.14,0.82,0.66,0.97,
United Kingdom,1990,0.26,-0.05,0.36,-0.05,0.4,-0.16,0.74,0.64,0.55,0.18,-0.21,-0.16,0.85
United Kingdom,1991,0.48,0.5,0.35,1.18,0.38,0.72,1.1,0.12,0.69,0.49,0.24,-0.11,0.07
United Kingdom,1992,0.17,-0.43,0.29,0.53,0.73,-0.25,0.76,0.81,0.2,-0.45,-0.19,-0.06,0.15
United Kingdom,1993,0.26,0.19,0.15,0.36,0.1,0.12,-0.05,0.85,0.57,0.13,0.41,0.23,0.05
United Kingdom,1994,-0.49,-0.46,-0.39,-0.63,-0.75,0.02,(0.12),-0.82,(0.75),-0.06,-0.9,-0.46,-0.53
United Kingdom,1995,0.36,-0.07,0.41,0.52,0.57,0.48,0.51,1.15,1.2,-0.15,-0.85,0.34,0.25
United Kingdom,1996,0.58,0.58,0.59,1.09,,0.09,0.24,0.43,0.41,0.2,0.44,0.69,1.06
United Kingdom,1997,0.44,0.01,0.39,0.49,0.75,0.68,1.27,,0.4,1.12,(0.09),0.23,
United Kingdom,1998,0.22,-0.09,0.74,0.46,0.05,0.73,0.4,0.61,-0.33,0.2,0.33,-0.12,-0.38
United Kingdom,1999,0.25,0.7,0.76,0.21,-0.1,0.21,0.13,0.39,0.07,(0.26),0.45,0.1,0.29
United Kingdom,2000,-0.35,-1.24,-0.74,-0.29,0.16,(1.03),0.47,(0.2),0.18,-0.8,-0.27,-0.41,-0.04
United Kingdom,2001,0.26,0.39,0.75,0.12,0.5,-0.38,,0.99,-0.39,(0.0),0.36,0.04,0.17
United Kingdom,2002,0.05,0.01,0.25,0.37,-0.09,0.33,0.91,0.02,(0.41),-0.05,-0.3,-0.53,0.14
United Kingdom,2003,-0.07,(0.14),0.27,-0.33,-0.38,0.55,-0.56,-0.28,-0.71,(0.26),0.08,-0.02,0.97
United Kingdom,2004,0.67,0.3,0.3,1.93,1.3,1.09,0.81,0.79,-0.02,0.57,0.5,0.14,0.36
United Kingdom,2005,0.67,0.78,1.76,0.31,0.82,0.38,0.45,0.5,0.86,0.76,0.36,-0.23,1.32
United Kingdom,2006,0.34,(0.13),0.52,0.57,0.39,0.55,-0.05,0.62,-0.18,-0.1,0.37,0.62,0.85
United Kingdom,2007,0.95,0.61,0.23,1.48,1.49,0.65,1.21,0.61,1.24,0.36,1.33,0.88,1.36
United Kingdom,2008,0.47,0.47,0.02,0.82,0.87,1.44,0.6,0.6,0.02,0.35,(0.04),0.18,
United Kingdom,2009,0.36,0.39,0.32,0.39,1.0,0.61,0.61,(0.21),0.44,0.41,0.01,1.03,-0.65
United Kingdom,2010,0.73,1.02,1.05,0.98,1.16,1.26,0.54,0.85,0.56,0.12,0.82,0.34,0.04
United Kingdom,2011,0.56,0.04,0.87,0.6,1.12,0.27,0.81,1.5,0.41,0.53,0.44,-0.38,0.5
United Kingdom,2012,0.65,0.54,0.39,1.09,0.45,1.67,0.79,0.15,0.34,0.36,1.41,0.11,
United Kingdom,2013,0.3,0.61,0.3,0.13,0.54,0.47,0.28,0.2,0.79,0.11,-0.24,0.06,0.34
United Kingdom,2014,0.39,0.85,0.65,0.94,0.56,(0.47),0.91,-0.15,(0.21),0.09,0.55,0.45,
United Kingdom,2015,0.46,0.4,0.77,0.65,1.09,1.04,0.87,-0.48,0.48,0.31,0.4,0.06,-0.1
United Kingdom,2016,0.99,0.65,1.12,0.69,1.56,1.36,1.01,0.7,1.03,0.77,0.68,1.03,1.26
United Kingdom,2017,0.28,-0.12,0.09,(0.13),0.47,0.71,0.39,0.09,0.65,0.18,,0.59,0.15
United Kingdom,2018,1.41,1.14,2.22,1.1,1.73,1.23,1.87,1.13,1.33,0.88,1.49,0.88,1.89
United Kingdom,2019,0.42,(0.11),0.91,,0.62,0.47,0.0,0.4,0.83,0.65,0.32,0.7,-0.1
United Kingdom,2020,0.6,0.81,0.7,0.73,0.37,-0.01,1.08,0.75,0.91,0.3,0.17,,0.89
United Kingdom,2021,0.76,1.03,0.4,0.81,0.88,1.37,0.89,1.4,0.07,0.58,0.58,0.78,0.28
United Kingdom,2022,1.37,1.31,0.97,1.47,1.38,2.59,1.83,1.33,1.16,1.51,1.5,-0.03,1.46
United Kingdom,2023,0.89,0.31,1.29,1.91,1.26,1.45,1.66,0.5,-0.01,0.92,0.53,0.11,0.7
Japan,1990,0.04,0.16,0.0,0.3,0.41,-0.38,0.26,(0.32),0.38,-0.58,0.42,-0.12,-0.1
Japan,1991,0.01,(0.23),0.32,(0.01),0.09,0.45,(0.24),-0.39,0.11,-0.07,-0.02,0.07,0.04
Japan,1992,0.25,0.27,-0.47,-0.29,1.2,0.41,0.71,0.09,0.11,-0.12,1.02,0.16,(0.08)
Japan,1993,-0.29,0.37,-0.39,0.05,0.12,-0.43,-0.05,(0.66),(0.92),-0.13,-0.68,(0.39),-0.36
Japan,1994,0.29,-0.33,0.16,0.33,0.16,0.64,0.87,0.83,0.06,0.23,0.27,0.37,-0.16
Japan,1995,0.73,1.04,1.15,1.33,1.08,0.43,0.72,0.01,0.74,0.43,0.45,0.98,0.39
Japan,1996,-0.01,0.08,-0.56,0.14,-0.72,0.01,0.52,0.25,-0.26,-0.08,(0.56),-0.1,1.15
Japan,1997,0.74,0.75,0.89,0.51,0.61,1.05,0.62,1.09,1.26,0.69,0.57,-0.12,0.93
Japan,1998,-0.2,-0.31,0.34,0.44,(0.13),-0.13,-0.32,-0.62,,-0.96,(0.07),-0.16,(0.02)
Japan,1999,0.11,(0.54),0.06,0.14,0.08,-0.0,0.72,0.11,0.63,0.27,0.42,(0.66),0.08
Japan,2000,0.12,-0.54,0.82,0.18,-0.1,0.13,(0.1),-0.16,(0.07),0.64,-0.35,0.61,0.36
Japan,2001,0.34,0.69,0.5,1.08,0.82,-0.1,0.61,0.71,0.18,0.27,(0.05),-0.33,-0.33
Japan,2002,(0.36),0.11,-1.06,-0.25,-0.27,-0.1,-0.8,0.0,-0.77,0.12,-0.61,-0.37,-0.26
Japan,2003,0.44,0.41,0.33,0.71,0.78,0.27,0.67,0.87,0.58,,0.27,-0.15,-0.03
Japan,2004,0.62,,1.66,1.01,0.18,0.31,1.46,0.36,0.36,-0.11,0.87,0.47,0.04
Japan,2005,0.07,0.2,,0.58,0.5,0.14,-0.04,0.01,-0.24,-0.15,(0.12),(0.46),0.23
Japan,2006,0.34,(0.05),0.25,0.56,0.52,0.63,0.75,0.81,0.3,,-0.02,-0.29,0.87
Japan,2007,1.12,1.28,1.46,1.29,1.37,0.56,1.09,0.67,1.03,0.82,1.6,1.21,1.04
Japan,2008,0.36,1.04,0.46,0.68,0.59,0.38,0.48,-0.41,-0.35,0.34,0.8,0.34,(0.02)
Japan,2009,-0.03,0.36,-0.08,0.47,0.4,0.41,0.16,0.2,-0.11,-0.39,-0.54,-1.09,-0.13
Japan,2010,0.88,1.25,1.15,0.84,1.55,1.08,1.69,0.56,0.56,0.44,0.16,0.41,0.9
Japan,2011,0.25,-1.23,0.84,-0.19,0.75,0.5,1.26,0.71,0.01,-0.14,0.71,-0.45,0.29
Japan,2012,0.47,0.37,0.75,0.76,0.89,0.74,0.78,0.55,0.15,0.34,0.02,0.03,0.28
Japan,2013,0.64,0.55,1.01,0.51,0.82,0.76,0.4,0.57,0.84,0.44,0.43,0.08,1.23
Japan,2014,0.49,-0.26,0.85,0.53,0.48,0.36,1.25,0.55,0.53,0.3,0.31,0.79,0.21
Japan,2015,0.32,0.54,0.49,0.4,0.58,0.21,0.3,0.14,,0.49,-0.58,0.96,0.44
Japan,2016,0.04,,0.15,0.45,,0.3,0.17,-0.18,-0.33,0.31,-0.76,0.13,0.34
Japan,2017,0.75,0.63,1.17,0.5,0.57,0.58,1.18,1.13,-0.05,0.84,0.74,1.06,0.66
Japan,2018,0.81,1.14,1.07,1.76,1.27,0.92,0.32,0.45,0.01,0.43,0.86,0.51,1.0
Japan,2019,0.79,0.67,0.96,1.19,1.08,1.06,0.62,0.65,1.63,1.14,0.04,-0.29,0.76
Japan,2020,1.16,0.81,1.53,1.22,1.15,1.49,0.91,0.9,1.19,0.83,1.58,1.12,1.17
Japan,2021,0.97,1.11,0.73,1.05,0.59,1.35,0.98,1.55,1.62,0.89,0.59,0.21,1.02
Japan,2022,0.84,1.08,1.66,0.71,0.69,0.94,1.29,1.09,0.4,0.99,0.18,0.35,0.72
Japan,2023,0.84,1.01,0.87,1.54,0.76,0.78,1.24,0.62,1.16,0.7,(0.48),0.96,0.92
South Korea,1990,0.07,-0.48,0.12,0.22,0.15,1.16,0.38,0.27,0.41,0.34,-1.25,-0.15,-0.38
South Korea,1991,0.12,0.03,0.25,-0.51,0.22,0.76,0.81,0.43,,0.48,0.23,-0.07,-0.76
South Korea,1992,0.39,0.1,0.57,0.54,1.15,0.46,0.43,0.97,-0.03,0.49,0.06,-0.24,0.24
South Korea,1993,0.17,0.82,0.97,0.34,0.09,0.33,-0.09,0.2,0.05,0.4,-0.8,-0.18,-0.11
South Korea,1994,0.33,0.01,0.65,0.58,1.07,0.87,0.6,0.23,-0.38,0.38,0.47,(0.35),-0.14
South Korea,1995,0.08,0.34,-0.1,0.14,(0.33),0.92,-0.22,0.42,0.09,0.54,,0.05,-0.58
South Korea,1996,(0.5),-0.19,-1.05,-0.35,0.17,0.04,(0.6),(1.07),-0.33,-0.07,-0.9,(0.93),-0.74
South Korea,1997,0.46,0.84,-0.05,,1.48,0.45,0.55,0.07,0.44,0.56,0.27,0.87,0.12
South Korea,1998,-0.01,0.21,0.41,0.39,,0.42,0.07,-0.11,0.03,-0.44,-0.53,-1.1,0.72
South Korea,1999,0.38,0.35,0.22,-0.59,0.3,0.85,0.87,0.65,0.36,0.74,,0.65,0.14
South Korea,2000,-0.05,-0.42,-0.34,0.42,-0.11,(0.25),0.37,0.12,0.27,0.02,(0.52),-0.16,(0.06)
South Korea,2001,0.18,-0.44,-0.17,0.99,0.03,0.67,-0.09,0.35,0.26,0.21,-0.05,0.38,0.05
South Korea,2002,0.77,0.17,1.05,1.1,0.64,1.22,0.32,0.55,-0.09,1.26,0.52,1.51,1.04
South Korea,2003,0.43,0.22,0.14,0.84,0.63,0.1,-0.05,0.08,1.09,1.17,0.34,0.35,0.22
South Korea,2004,0.18,0.62,0.92,-0.11,0.24,0.06,0.0,0.54,-0.56,0.08,0.16,(0.16),0.33
South Korea,2005,0.19,0.91,-0.09,0.45,0.59,-0.48,0.08,0.09,0.7,-0.04,-0.11,0.57,-0.33
South Korea,2006,-0.27,-0.37,-0.7,-0.61,0.21,0.3,0.19,0.22,0.18,-1.25,-0.24,(0.61),-0.62
South Korea,2007,0.51,(0.1),-0.01,1.02,0.99,0.82,0.34,0.89,0.77,0.45,-0.08,0.25,0.83
South Korea,2008,0.75,0.72,0.85,0.96,1.16,0.79,-0.21,1.33,1.47,0.43,0.22,0.62,0.67
South Korea,2009,0.7,0.8,0.56,0.42,1.32,1.19,1.3,0.39,1.41,-0.1,0.86,-0.16,0.36
South Korea,2010,0.91,1.3,0.85,0.93,1.21,1.35,1.57,0.79,0.22,0.86,0.59,0.27,0.99
South Korea,2011,0.67,0.58,0.2,0.83,0.13,0.3,0.46,1.16,0.67,0.72,0.83,1.73,0.38
South Korea,2012,1.12,1.38,1.47,1.86,1.01,0.95,1.2,0.9,1.0,1.43,0.58,0.68,0.95
South Korea,2013,0.3,-0.26,0.37,0.95,1.28,0.22,0.14,0.52,-0.42,0.16,-0.39,0.88,0.1
South Korea,2014,1.04,1.54,0.94,0.84,1.22,1.23,1.33,0.79,1.29,1.03,0.76,0.64,
South Korea,2015,0.45,0.4,0.51,0.66,1.29,0.5,0.88,0.47,0.18,0.16,0.16,0.32,(0.1)
South Korea,2016,0.28,0.47,0.67,0.68,0.47,0.69,0.6,0.53,-0.23,-0.4,-0.15,0.03,0.01
South Korea,2017,0.19,0.8,0.1,0.35,0.81,-0.65,0.01,-0.04,-0.12,-0.13,0.49,0.21,0.4
South Korea,2018,0.61,0.15,-0.02,0.28,1.06,0.9,0.73,0.57,1.42,0.21,0.89,0.54,0.59
South Korea,2019,1.1,1.66,1.08,1.57,1.42,1.25,1.26,0.8,0.86,0.67,1.24,0.87,0.46
South Korea,2020,0.37,-0.75,0.44,0.72,0.68,1.5,0.86,0.75,-0.22,0.21,0.14,0.05,0.11
South Korea,2021,0.28,-0.28,0.68,0.35,0.23,0.4,0.8,0.23,0.35,-0.28,-0.21,0.2,0.89
South Korea,2022,1.09,1.46,1.39,1.96,1.75,0.48,0.91,1.36,0.41,0.7,0.75,0.95,1.01
South Korea,2023,0.64,1.07,0.73,0.76,0.4,1.32,0.57,0.3,0.72,0.26,0.33,0.67,0.51
China,1990,0.62,0.66,1.04,0.09,0.55,0.43,0.41,0.86,1.01,0.66,0.4,0.27,1.04
China,1991,0.64,0.7,1.12,0.96,1.15,0.35,0.55,0.8,1.03,0.15,(0.37),0.27,0.95
China,1992,-0.47,-0.9,(0.26),-0.3,0.01,-0.74,-0.46,0.05,-1.0,(0.01),-1.05,-0.26,-0.67
China,1993,-0.3,-0.47,0.05,-0.1,0.38,0.48,-0.64,(0.77),-0.89,-0.8,(0.03),-0.22,-0.59
China,1994,0.13,0.66,0.96,0.37,-0.77,0.39,0.57,0.19,0.29,0.07,-0.6,-0.43,(0.13)
China,1995,0.46,0.14,0.73,0.74,1.28,0.6,-0.16,0.7,1.2,0.56,-0.07,-0.16,(0.04)
China,1996,0.85,0.62,0.59,0.86,0.82,1.55,0.45,1.22,0.7,1.06,1.18,0.61,0.52
China,1997,(0.0),0.16,-0.37,0.99,0.49,-0.1,(0.53),-0.74,0.4,(0.23),(0.19),0.22,-0.11
China,1998,0.48,0.4,0.43,-0.09,0.24,0.78,0.19,0.85,1.2,0.45,0.76,0.48,0.05
China,1999,0.23,1.09,0.18,0.04,0.03,0.37,-0.02,,0.27,0.5,(0.03),-0.34,-0.34
China,2000,0.07,0.12,0.29,0.39,-0.42,0.15,-0.33,0.14,0.07,-0.66,0.16,0.74,0.21
China,2001,0.01,0.1,0.24,0.1,0.53,-0.06,-0.43,0.31,0.13,-0.18,-0.49,0.17,-0.27
China,2002,0.19,0.96,0.62,-0.12,-0.05,0.49,-0.19,-0.54,0.37,0.21,0.24,0.19,0.13
China,2003,-0.04,0.33,0.84,0.1,-0.08,-0.15,-0.12,0.21,,0.13,0.18,(0.77),-0.37
China,2004,0.35,0.32,0.68,0.49,1.08,0.42,0.08,-0.05,0.57,0.21,0.43,0.45,(0.53)
China,2005,0.05,(0.38),-0.19,0.04,0.63,0.69,0.02,-0.07,-0.35,-0.1,-0.09,0.18,0.25
China,2006,-0.29,(0.35),0.36,-0.29,0.37,-0.24,-0.12,-0.75,-0.83,-0.17,(0.14),-0.45,-0.88
China,2007,0.54,0.94,1.24,0.48,-0.03,0.95,0.43,0.82,0.45,-0.09,0.26,0.79,0.28
China,2008,0.13,(0.5),-0.07,,0.67,-0.14,0.86,-0.4,0.97,0.66,-0.0,(0.69),0.02
China,2009,0.35,-0.15,0.58,0.2,0.27,0.45,0.23,1.19,0.04,0.36,0.22,0.33,0.43
China,2010,0.74,0.87,0.95,0.96,0.91,0.57,0.84,0.86,0.83,0.66,0.47,0.57,0.44
China,2011,0.67,0.53,0.79,1.19,0.54,1.03,0.73,1.43,0.43,0.72,0.43,-0.11,0.31
China,2012,0.74,0.64,0.03,0.97,0.58,1.04,1.53,1.12,1.33,0.42,0.56,0.22,0.44
China,2013,0.21,-0.23,0.94,-0.37,1.04,0.97,0.6,-0.15,-0.44,,0.35,0.12,-0.22
China,2014,0.93,1.62,0.95,1.16,0.54,0.95,1.25,1.09,0.64,0.66,0.57,0.66,1.01
China,2015,-0.01,0.0,0.27,-0.02,0.04,0.03,(0.06),,-0.01,-0.98,0.1,-0.25,0.71
China,2016,0.24,-0.05,0.31,0.63,-0.29,0.13,,-0.09,0.74,-0.06,(0.27),0.36,0.84
China,2017,0.99,1.3,1.57,0.6,1.38,0.36,1.07,0.77,1.2,1.1,0.83,0.75,0.9
China,2018,0.9,0.69,1.4,1.52,0.86,0.99,0.85,0.07,0.48,1.19,0.22,1.39,1.09
China,2019,0.89,1.07,0.58,0.91,1.62,0.77,1.37,0.29,0.27,1.43,0.64,0.46,1.29
China,2020,1.17,1.49,1.0,1.18,1.45,1.57,1.02,,1.13,1.47,1.23,0.35,0.94
China,2021,0.49,0.72,0.97,0.71,0.59,0.7,0.68,0.24,(0.09),-0.5,0.8,0.52,0.54
China,2022,0.88,0.68,0.59,1.51,1.5,0.66,1.42,1.02,0.76,0.87,0.0,0.77,0.8
China,2023,0.88,0.93,1.35,0.15,0.86,1.39,0.97,1.33,0.17,1.11,0.54,0.52,1.29
Brazil,1990,0.55,0.76,1.26,1.03,0.23,0.58,0.3,1.16,0.69,0.1,0.5,-0.32,0.35
Brazil,1991,-0.35,-0.93,0.16,0.28,0.13,(0.16),-0.66,-0.72,-0.74,-0.52,-0.03,-0.01,-1.02
Brazil,1992,-0.14,-0.45,-1.07,0.24,-0.06,-0.03,0.48,-0.12,-0.43,-0.1,0.07,(0.21),0.02
Brazil,1993,-0.07,-0.0,0.18,(0.1),0.0,0.76,0.93,0.67,-0.6,-0.71,-0.64,-0.09,-1.19
Brazil,1994,-0.09,0.49,0.42,-0.11,-0.05,0.32,0.4,-0.29,(0.27),-0.48,-0.81,-0.34,-0.3
Brazil,1995,-0.34,0.01,0.04,0.2,(0.36),(0.87),0.03,-0.52,-0.71,-0.93,-0.56,0.2,-0.56
Brazil,1996,-0.27,0.08,-0.01,-0.85,0.29,0.85,-1.12,-0.67,-1.42,-0.38,0.02,-0.31,0.28
Brazil,1997,0.45,1.11,0.99,0.44,,0.25,0.43,0.45,0.29,0.79,0.09,-0.12,-0.02
Brazil,1998,0.37,-0.16,0.42,1.1,0.71,0.54,0.48,-0.02,-0.05,0.15,0.31,0.6,0.33
Brazil,1999,0.68,1.27,1.05,1.29,0.43,0.34,0.94,0.09,0.41,0.77,1.0,0.36,0.27
Brazil,2000,0.24,-0.08,0.38,0.52,0.53,0.55,0.11,0.06,(0.05),(0.48),0.28,0.53,0.56
Brazil,2001,0.24,(0.13),0.59,0.63,0.48,1.07,0.29,0.09,-0.06,-0.6,0.26,-0.02,0.3
Brazil,2002,0.78,0.7,0.02,1.22,1.12,0.73,1.11,1.17,0.37,,1.24,0.39,0.78
Brazil,2003,(0.53),-1.06,(0.3),0.2,-0.81,-0.26,-0.51,(0.08),(1.05),-0.46,-0.92,-0.55,(0.53)
Brazil,2004,0.21,0.47,0.39,0.39,0.33,0.48,0.46,(0.12),0.03,(0.32),0.06,-0.14,0.48
Brazil,2005,0.52,0.21,0.68,1.01,0.71,0.46,0.24,0.92,0.84,0.32,0.68,(0.78),1.01
Brazil,2006,0.47,0.41,0.32,1.08,0.13,1.12,0.61,0.6,0.12,(0.34),0.53,0.3,0.8
Brazil,2007,0.51,0.2,1.02,1.3,0.57,0.24,0.79,0.27,0.51,0.09,0.79,-0.09,0.46
Brazil,2008,0.31,0.19,0.24,0.77,0.87,0.7,0.36,0.36,0.56,0.5,-0.97,0.02,0.11
Brazil,2009,0.74,0.65,1.06,0.42,0.98,1.21,0.19,1.68,1.05,0.5,0.14,0.43,0.61
Brazil,2010,0.72,1.23,0.54,,0.32,0.64,0.88,0.91,,0.28,1.02,0.92,0.62
Brazil,2011,-0.01,0.86,-0.05,-0.1,-0.15,0.18,0.11,0.23,-0.62,-0.44,0.47,-0.23,(0.32)
Brazil,2012,0.33,0.47,0.78,0.79,0.36,0.59,1.04,0.7,-0.15,(0.92),0.19,0.41,-0.27
Brazil,2013,0.67,0.47,0.71,0.53,1.29,0.8,0.32,0.94,-0.03,0.91,0.77,0.96,0.41
Brazil,2014,0.36,0.48,0.52,0.36,0.43,0.48,0.08,0.72,0.33,0.15,-0.19,(0.19),1.13
Brazil,2015,0.38,0.68,0.6,-0.5,1.35,0.88,0.23,0.43,-0.12,0.99,-0.13,0.05,0.04
Brazil,2016,0.98,1.22,1.49,0.69,1.03,0.88,0.38,1.64,1.12,0.58,1.11,0.99,0.61
Brazil,2017,0.84,1.38,0.49,1.62,0.88,1.56,0.87,0.91,0.66,0.39,0.46,1.15,-0.25
Brazil,2018,0.38,0.04,(0.0),1.11,1.03,0.74,0.17,0.86,-0.41,1.01,(0.15),0.05,0.06
Brazil,2019,0.43,1.17,0.82,1.06,0.11,0.65,,0.51,-0.16,0.66,0.25,-0.15,(0.44)
Brazil,2020,0.98,1.91,0.63,1.17,1.58,0.6,0.84,,1.23,1.29,0.8,0.42,0.65
Brazil,2021,0.49,0.19,0.65,0.99,0.98,0.76,0.71,0.55,,0.48,0.15,(0.13),0.63
Brazil,2022,0.57,0.71,,0.41,0.85,0.07,1.33,0.07,0.31,0.98,0.32,-0.04,0.8
Brazil,2023,0.93,0.78,0.92,1.03,1.15,0.45,1.06,1.75,0.57,0.63,0.36,1.1,1.41
Argentina,1990,0.44,-0.15,0.65,1.1,0.76,0.72,0.27,0.44,0.75,0.31,-0.35,-0.0,0.74
Argentina,1991,0.35,0.17,0.0,0.77,0.99,0.8,0.8,-0.02,-0.18,-0.11,-0.06,0.52,0.49
Argentina,1992,0.09,-0.36,(0.36),0.48,0.76,0.35,1.08,(0.22),-0.37,-0.23,-0.27,0.25,-0.06
Argentina,1993,-0.37,-0.03,(0.99),-0.64,-0.84,-0.13,-0.21,0.38,(0.12),0.01,-0.47,(0.95),-0.44
Argentina,1994,0.12,0.56,0.19,0.65,0.1,0.03,(0.07),0.29,-0.29,(0.07),0.44,-0.31,-0.02
Argentina,1995,0.14,0.25,0.05,0.63,0.58,0.78,0.21,-0.06,(0.23),0.1,(0.2),(0.25),-0.13
Argentina,1996,(0.07),0.02,-0.52,0.24,0.42,-0.11,0.81,-0.05,-0.78,-0.34,-0.23,-0.05,-0.26
Argentina,1997,-0.07,-0.57,-0.29,(0.18),-0.38,-0.25,0.24,0.53,0.07,0.22,0.06,0.03,-0.36
Argentina,1998,0.24,0.07,0.25,0.44,0.73,0.58,0.28,0.26,0.32,0.34,-0.57,-0.36,0.59
Argentina,1999,0.15,0.04,0.2,0.27,0.63,-0.06,0.32,0.31,0.27,0.12,0.21,-0.2,-0.27
Argentina,2000,0.89,0.87,1.01,1.43,1.83,0.94,0.69,0.49,1.52,0.4,0.78,0.42,0.31
Argentina,2001,0.25,-0.19,0.01,1.16,0.56,0.73,0.62,0.15,-0.09,0.11,0.05,-0.21,0.14
Argentina,2002,-0.16,0.02,0.05,-0.25,-0.65,-0.11,0.91,(0.04),0.3,-0.93,(0.52),(0.63),(0.09)
Argentina,2003,1.18,1.24,1.83,1.12,1.8,2.05,1.11,0.84,0.42,0.75,0.88,1.69,0.43
Argentina,2004,0.26,-0.36,0.3,0.67,0.77,0.78,0.63,0.6,0.29,-0.22,(0.57),-0.02,0.21
Argentina,2005,1.0,0.71,0.77,1.08,0.84,1.25,1.64,1.63,0.69,0.71,1.18,0.52,0.92
Argentina,2006,0.18,(0.06),0.62,-0.05,0.21,-0.4,,0.56,0.03,0.09,0.02,0.44,-0.25
Argentina,2007,0.57,1.08,1.23,-0.09,,0.41,0.8,-0.16,-0.27,1.34,0.69,0.52,0.69
Argentina,2008,0.53,0.89,0.34,0.74,0.78,,1.1,0.32,0.8,0.37,0.95,(0.1),-0.04
Argentina,2009,0.18,0.26,0.92,1.01,-0.52,0.48,-0.98,0.52,0.55,0.01,0.04,0.06,(0.21)
Argentina,2010,0.57,0.54,1.1,0.76,0.49,0.19,-0.02,1.15,0.35,0.59,1.14,0.23,0.28
Argentina,2011,0.68,0.5,1.34,1.28,0.93,1.24,0.51,0.61,0.26,-0.2,0.77,0.52,0.39
Argentina,2012,0.3,-0.05,0.26,0.86,0.54,0.64,0.61,0.28,0.06,-0.27,0.29,0.62,-0.21
Argentina,2013,0.57,0.68,0.27,1.31,0.61,0.7,0.6,-0.14,0.87,0.01,0.27,0.63,1.05
Argentina,2014,0.24,0.1,0.93,0.63,0.74,0.03,0.22,0.21,-0.17,-0.57,(0.13),0.64,0.2
Argentina,2015,1.14,1.11,0.83,1.72,1.32,1.6,0.71,1.45,1.36,0.98,0.51,0.85,1.18
Argentina,2016,0.77,0.96,1.23,0.63,0.46,0.88,0.69,1.03,0.19,0.96,1.06,0.55,0.64
Argentina,2017,0.47,0.23,0.38,1.2,0.62,0.09,0.65,0.78,0.33,0.86,0.56,-0.15,0.12
Argentina,2018,0.69,0.1,1.0,0.24,1.38,1.3,1.07,0.5,0.74,0.39,0.16,0.46,0.95
Argentina,2019,0.78,1.32,1.14,1.17,0.29,0.8,0.41,0.66,0.36,0.41,0.96,0.76,1.04
Argentina,2020,0.15,0.29,,1.05,-0.15,0.3,0.78,0.19,(0.19),-0.52,(0.31),-0.58,0.19
Argentina,2021,1.07,0.54,1.25,1.56,1.24,0.57,1.3,1.02,0.88,0.65,0.88,1.07,1.9
Argentina,2022,0.86,1.44,1.08,0.97,1.09,0.52,1.06,0.04,0.39,0.7,1.11,1.23,0.64
Argentina,2023,0.97,1.27,0.44,1.21,0.74,0.98,0.79,1.05,0.99,1.05,0.81,0.77,1.51
Mexico,1990,-0.19,0.22,-0.47,-0.06,-0.39,-0.57,-0.16,(0.04),-0.37,-0.85,0.79,-0.15,-0.18
Mexico,1991,-0.16,-0.33,-0.09,0.52,-0.28,-0.33,0.23,0.05,-0.49,(0.69),0.29,-0.11,(0.73)
Mexico,1992,-0.07,(0.48),0.06,0.07,0.31,-0.76,-0.15,0.23,0.1,(0.37),0.4,-0.27,-0.02
Mexico,1993,(0.08),-0.22,-0.16,0.33,0.2,-0.45,-0.22,-0.04,0.28,(0.09),(0.14),-0.48,(0.0)
Mexico,1994,0.4,,-0.01,0.17,0.93,0.58,0.57,0.25,0.6,0.2,0.22,-0.02,0.76
Mexico,1995,0.04,0.3,-0.32,0.93,0.77,-0.53,-0.16,0.25,(0.57),(0.17),0.03,-0.19,0.17
Mexico,1996,-0.05,-0.96,0.43,0.51,1.14,-0.77,0.34,(0.85),0.54,-0.04,,0.08,-0.38
Mexico,1997,0.46,0.35,1.06,1.16,0.23,0.86,0.51,(0.3),(0.11),1.03,0.21,0.49,0.08
Mexico,1998,(0.0),0.05,0.03,-0.39,-0.16,0.49,-0.01,0.05,0.03,-0.01,0.3,-0.57,0.17
Mexico,1999,0.55,0.85,-0.01,0.73,1.34,0.59,0.74,0.76,-0.06,1.01,0.45,0.49,-0.31
Mexico,2000,0.45,0.69,1.24,0.54,0.29,0.39,0.39,0.04,0.9,0.85,0.21,0.16,-0.34
Mexico,2001,0.52,1.15,0.33,0.61,0.86,,0.66,0.56,0.46,,(0.29),(0.01),0.79
Mexico,2002,0.18,-0.01,0.08,0.32,1.08,0.31,-0.02,0.21,0.8,-0.17,-0.47,(0.17),0.15
Mexico,2003,0.55,0.93,0.21,0.32,0.6,0.98,0.13,0.29,0.19,0.73,0.54,0.72,0.97
Mexico,2004,0.07,(0.22),(0.11),-0.3,0.27,0.28,0.67,0.27,-0.04,0.04,-0.36,0.5,-0.16
Mexico,2005,0.05,0.36,0.36,(0.48),0.58,-0.09,-0.02,0.11,0.17,0.04,-0.19,-0.31,0.1
Mexico,2006,0.5,1.09,0.7,,0.37,0.56,0.98,0.93,0.11,-0.18,-0.26,0.29,1.19
Mexico,2007,0.43,-0.05,0.4,0.51,0.46,0.6,0.83,0.86,0.92,0.62,,(0.01),0.42
Mexico,2008,0.57,0.84,0.61,0.69,0.79,0.57,0.63,0.94,0.36,0.31,0.28,0.84,-0.05
Mexico,2009,0.97,0.54,0.85,1.48,1.62,0.62,0.67,1.12,1.85,1.33,0.71,(0.13),0.94
Mexico,2010,0.74,0.46,0.37,0.85,0.43,1.53,1.32,0.87,0.54,0.17,0.4,1.09,0.86
Mexico,2011,0.6,0.96,0.9,0.92,1.18,0.97,1.03,0.65,0.38,0.19,0.12,-0.23,0.12
Mexico,2012,0.44,0.06,0.99,0.38,0.56,0.55,1.0,0.04,0.08,0.05,0.52,0.63,0.36
Mexico,2013,1.05,1.02,0.98,1.59,1.34,0.82,1.44,0.86,0.71,1.13,0.71,0.93,1.11
Mexico,2014,0.59,0.52,1.0,0.16,0.75,0.21,0.87,0.77,0.12,1.08,0.61,0.47,0.53
Mexico,2015,0.87,0.52,1.1,1.25,0.96,1.28,1.51,0.75,0.8,0.42,0.01,1.06,0.81
Mexico,2016,0.54,0.27,0.69,1.28,0.86,0.85,0.85,0.17,0.81,-0.01,0.09,0.07,0.49
Mexico,2017,0.51,0.57,0.31,1.14,1.1,0.67,0.48,0.34,0.35,(0.16),-0.01,0.74,0.59
Mexico,2018,1.28,1.07,1.15,1.2,1.26,1.1,1.4,1.2,0.89,1.52,1.75,1.48,1.31
Mexico,2019,0.95,1.7,1.36,0.89,1.31,1.38,0.66,0.84,1.29,0.05,0.25,0.71,1.0
Mexico,2020,0.36,0.29,0.9,0.54,0.92,0.28,0.12,0.68,0.39,-0.3,-0.18,0.8,(0.13)
Mexico,2021,0.85,0.86,1.15,1.35,0.41,0.64,1.19,0.77,1.35,0.24,1.08,0.33,0.81
Mexico,2022,0.59,1.24,0.04,0.61,-0.01,1.29,0.74,0.54,0.97,0.37,0.37,0.36,0.61
Mexico,2023,0.73,0.59,1.1,0.96,0.83,0.29,1.38,0.41,0.97,0.57,-0.04,1.0,0.68
Russian Federation,1990,0.36,0.33,0.78,-0.13,0.4,0.06,0.35,0.59,0.06,0.57,-0.14,0.58,0.82
Russian Federation,1991,0.25,,-0.42,0.74,0.48,0.11,0.21,0.9,-0.23,0.34,0.22,0.01,0.49
Russian Federation,1992,0.43,0.42,0.54,0.96,1.11,0.66,0.52,-0.35,0.13,-0.09,0.61,0.27,0.33
Russian Federation,1993,0.19,-0.28,0.79,0.76,0.92,0.52,0.16,0.72,-0.3,(0.45),-0.37,0.11,-0.33
Russian Federation,1994,(0.07),-0.59,0.35,-0.38,-0.12,0.71,0.63,0.2,0.06,-0.33,-0.46,-0.26,-0.65
Russian Federation,1995,0.31,0.22,-0.07,1.0,0.64,0.65,0.11,0.2,0.35,0.09,0.64,-0.05,-0.1
Russian Federation,1996,0.18,-0.17,0.81,-0.01,0.8,0.25,0.63,0.7,0.3,-0.31,(0.22),-0.12,-0.52
Russian Federation,1997,0.4,0.56,0.16,1.27,0.43,,0.28,-0.29,-0.13,0.16,0.67,0.48,0.47
Russian Federation,1998,-0.23,0.11,-0.21,-0.28,0.25,0.27,0.16,(0.5),-0.9,-0.18,-1.15,0.2,(0.49)
Russian Federation,1999,-0.32,-0.59,(0.5),0.14,0.1,-0.41,-0.14,-0.64,0.04,(0.29),-0.44,-0.78,-0.31
Russian Federation,2000,0.03,0.25,0.29,0.62,0.13,-0.45,0.62,(0.25),-0.42,-0.06,0.05,-0.26,-0.19
Russian Federation,2001,0.1,,0.26,(0.06),,0.23,0.35,0.35,0.11,-0.35,-0.21,0.28,-0.4
Russian Federation,2002,0.21,0.4,0.61,0.26,0.2,-0.2,0.47,0.69,1.09,0.14,-0.06,-0.38,(0.69)
Russian Federation,2003,0.41,,0.99,1.0,0.68,0.7,(0.49),0.68,,-0.08,0.05,0.06,-0.01
Russian Federation,2004,0.18,0.13,,-0.07,0.47,0.09,0.2,0.41,-0.39,(0.15),0.38,(0.38),0.97
Russian Federation,2005,0.5,0.54,0.52,0.99,0.36,0.11,0.65,0.68,0.67,0.32,1.05,-0.03,0.18
Russian Federation,2006,0.25,0.08,0.17,0.77,0.32,0.67,0.37,0.2,-0.39,0.43,,0.31,0.24
Russian Federation,2007,0.28,0.3,0.54,0.25,1.06,-0.2,0.37,0.7,0.45,-0.2,-0.16,-0.21,0.5
Russian Federation,2008,0.14,0.33,0.43,1.35,0.55,0.08,(0.26),0.12,0.08,-0.83,-0.26,,(0.08)
Russian Federation,2009,0.69,0.14,1.14,1.3,1.35,0.31,0.99,0.5,0.1,0.43,0.2,0.96,0.87
Russian Federation,2010,0.19,-0.14,0.1,0.3,0.76,0.6,0.27,0.05,-0.66,,-0.22,0.6,0.13
Russian Federation,2011,1.03,1.38,0.66,1.06,1.26,0.96,1.08,0.59,1.03,1.05,0.53,1.74,1.06
Russian Federation,2012,0.26,(0.35),0.43,0.37,0.82,0.42,-0.07,0.97,0.38,0.03,0.17,0.32,-0.37
Russian Federation,2013,0.51,0.44,0.93,0.5,0.58,1.46,1.21,-0.7,0.99,0.42,0.14,0.05,0.14
Russian Federation,2014,0.23,-0.05,-0.05,0.15,0.73,0.59,0.72,0.37,-0.23,0.42,-0.21,0.48,-0.17
Russian Federation,2015,0.29,0.27,0.79,0.66,0.63,1.35,-0.22,0.0,-0.11,-0.46,-0.07,0.52,0.08
Russian Federation,2016,0.45,-0.14,0.33,0.54,1.01,0.05,0.47,0.98,0.27,-0.47,0.86,0.67,0.8
Russian Federation,2017,0.16,0.76,(0.06),0.12,0.07,0.7,0.18,0.34,0.08,-0.06,-0.43,0.7,-0.53
Russian Federation,2018,0.95,0.97,1.39,1.55,0.97,1.21,1.63,0.8,0.3,0.5,0.1,0.8,1.15
Russian Federation,2019,0.69,0.04,1.2,0.15,0.27,0.79,0.89,0.86,0.56,1.22,0.51,0.93,0.9
Russian Federation,2020,0.28,,1.31,0.33,0.29,0.6,0.27,0.04,0.07,0.76,0.11,-0.34,(0.34)
Russian Federation,2021,1.48,1.35,1.71,1.3,1.77,2.19,1.28,1.62,0.77,2.07,1.34,1.1,1.22
Russian Federation,2022,0.44,0.46,-0.23,,0.79,1.02,0.54,0.34,0.54,-0.17,0.5,-0.27,1.0
Russian Federation,2023,1.0,0.66,1.39,1.25,,0.39,1.26,0.71,1.37,0.86,0.55,1.58,1.16
Turkey,1990,(1.05),-1.29,(1.55),(1.24),-0.95,(0.78),-0.89,-0.67,(0.94),-1.04,-1.22,-0.76,-1.32
Turkey,1991,0.02,-0.82,,0.08,1.31,-0.05,0.07,0.16,-0.6,-0.09,-0.25,-0.36,
Turkey,1992,-0.16,,0.46,-0.33,-0.14,0.89,0.07,-0.42,(0.0),-0.62,(1.05),0.15,-0.76
Turkey,1993,0.86,0.61,1.76,0.44,1.42,1.18,1.25,1.2,0.51,0.11,0.59,0.73,0.52
Turkey,1994,0.2,0.32,-0.08,0.51,0.28,0.08,0.6,-0.13,-0.1,0.04,0.53,0.09,0.29
Turkey,1995,0.21,0.0,0.12,0.33,0.12,0.74,(0.01),-0.65,1.03,-0.27,0.36,0.42,0.31
Turkey,1996,0.14,0.21,-0.32,1.06,-0.05,0.16,0.23,0.05,-0.27,,0.27,0.05,-0.17
Turkey,1997,0.77,0.31,1.22,0.71,1.19,0.62,0.62,0.98,1.27,0.95,0.65,0.56,0.19
Turkey,1998,0.21,-0.08,0.54,0.64,-0.3,0.48,0.55,0.26,0.33,-0.42,-0.22,0.53,0.19
Turkey,1999,0.27,0.11,0.43,-0.42,0.87,1.22,0.0,-0.05,0.4,0.74,0.13,-0.34,0.14
Turkey,2000,-0.15,-0.33,-0.08,-0.26,-0.17,0.14,0.13,-0.63,-0.0,-0.38,0.03,0.08,(0.38)
Turkey,2001,0.29,0.12,1.09,0.31,0.8,0.56,0.15,0.82,0.11,-0.39,-0.89,-0.06,0.91
Turkey,2002,0.52,0.39,0.63,0.66,0.34,0.47,1.17,0.88,0.69,-0.03,0.52,-0.42,0.91
Turkey,2003,0.16,-0.14,1.15,(0.14),0.81,0.8,0.01,0.39,-0.35,-0.91,-0.22,-0.02,0.56
Turkey,2004,0.16,0.41,0.06,0.33,0.2,0.05,0.23,0.4,0.04,0.07,0.45,-0.0,-0.26
Turkey,2005,0.69,0.65,0.78,0.97,0.93,0.73,1.6,0.03,0.21,0.76,0.4,0.67,0.51
Turkey,2006,0.77,0.41,1.45,1.45,0.53,1.24,0.9,0.57,-0.04,0.23,0.9,0.96,0.63
Turkey,2007,0.66,1.05,0.83,0.55,1.05,1.04,1.04,1.02,0.03,0.29,(0.29),0.8,0.49
Turkey,2008,0.52,-0.01,1.24,0.27,1.09,0.8,0.6,0.47,0.22,0.92,0.38,(0.1),0.33
Turkey,2009,0.57,0.87,0.37,0.47,0.72,1.04,0.07,0.72,0.23,0.21,1.11,0.26,0.72
Turkey,2010,0.48,0.24,0.08,1.22,0.48,0.22,1.23,0.31,0.31,,-0.15,0.04,0.43
Turkey,2011,0.55,0.1,0.09,1.23,0.76,0.86,0.5,0.57,0.73,-0.12,0.36,0.56,0.97
Turkey,2012,1.13,1.16,1.69,0.24,1.96,1.02,1.14,1.31,,1.04,1.57,0.81,0.6
Turkey,2013,1.17,1.33,1.99,1.64,0.79,1.55,0.83,1.12,0.99,0.3,0.59,1.83,1.11
Turkey,2014,0.5,1.27,0.49,0.68,1.14,0.56,0.35,-0.35,0.07,(0.0),0.41,0.13,1.31
Turkey,2015,0.26,0.87,0.5,0.8,0.81,(0.41),0.4,0.2,(0.25),0.32,0.79,-0.93,-0.01
Turkey,2016,0.48,0.3,0.25,0.21,0.75,1.1,1.44,-0.02,-0.55,0.33,0.72,0.43,0.82
Turkey,2017,0.66,0.36,0.75,0.65,1.07,1.17,1.13,0.81,0.61,0.75,-0.38,0.52,0.53
Turkey,2018,0.82,,1.04,0.71,1.42,1.13,0.92,0.48,0.99,0.67,0.26,0.57,0.92
Turkey,2019,1.08,1.09,1.03,1.47,1.59,1.36,0.76,0.47,0.57,1.5,0.8,1.57,0.74
Turkey,2020,0.75,0.64,0.74,0.54,0.41,1.05,1.19,1.65,0.4,0.36,0.16,0.95,0.9
Turkey,2021,0.61,0.15,0.99,0.84,1.02,0.33,-0.14,0.16,0.69,1.18,0.14,1.25,0.74
Turkey,2022,0.32,0.47,0.83,-0.41,0.84,1.02,,0.36,0.21,0.12,(0.29),-0.07,0.12
Turkey,2023,0.8,0.64,0.61,1.34,1.21,0.82,1.16,0.68,0.78,1.08,0.42,0.22,0.7
Thailand,1990,(0.44),-0.52,-0.42,-1.22,0.0,(0.31),0.16,-0.32,-0.21,(0.11),-0.66,-0.58,-1.14
Thailand,1991,0.23,0.34,0.09,0.87,-0.28,0.4,0.86,0.22,0.01,0.06,-0.61,0.51,0.25
Thailand,1992,0.1,-0.14,0.07,0.4,0.15,-0.4,0.3,0.17,-0.05,0.23,-0.22,0.24,0.43
Thailand,1993,0.19,-0.05,0.3,0.92,-0.15,0.27,0.21,-0.1,0.5,0.23,-0.23,0.32,0.09
Thailand,1994,0.02,-0.45,0.11,0.38,,,0.57,-0.67,(0.12),-0.01,-0.41,0.16,0.61
Thailand,1995,0.24,0.13,0.72,0.74,-0.58,0.4,0.17,0.39,0.05,0.02,-0.32,0.35,0.79
Thailand,1996,-0.29,-0.66,0.0,0.06,0.56,-0.42,-0.22,(0.96),0.35,-0.18,(0.49),-0.81,-0.7
Thailand,1997,0.32,-0.14,0.44,1.29,0.36,0.09,0.55,-0.19,0.89,0.69,0.03,-0.23,0.03
Thailand,1998,0.11,0.26,0.63,-0.13,0.72,0.53,0.01,-0.32,0.06,-0.49,0.32,(0.51),0.23
Thailand,1999,0.08,-0.02,0.26,0.81,-0.08,0.21,0.0,0.19,-0.17,-0.68,-0.42,0.68,0.2
Thailand,2000,0.12,0.2,0.39,0.31,0.72,0.53,-0.05,0.42,-0.77,0.31,-0.45,0.1,-0.26
Thailand,2001,0.34,0.51,0.98,-0.17,0.87,0.5,0.2,0.58,0.08,0.39,-0.32,-0.15,0.55
Thailand,2002,0.68,0.73,-0.27,0.84,0.96,0.83,0.98,0.55,0.98,0.11,1.04,1.19,0.28
Thailand,2003,0.11,0.22,-0.32,0.03,0.69,0.52,0.94,0.12,-0.29,-0.1,-0.21,-0.18,-0.06
Thailand,2004,-0.06,0.18,-0.39,-0.04,0.22,-0.66,0.48,-0.75,0.24,-0.62,-0.29,0.1,0.85
Thailand,2005,0.36,(0.38),0.89,0.49,0.64,0.81,-0.38,0.41,0.15,0.73,0.5,-0.41,0.81
Thailand,2006,0.42,-0.08,0.66,1.12,0.25,1.26,0.03,0.22,0.06,0.91,0.14,-0.1,0.61
Thailand,2007,0.78,0.89,0.61,0.9,0.56,1.47,1.18,1.06,0.84,0.66,(0.07),0.7,0.57
Thailand,2008,0.74,1.15,1.15,0.33,0.99,0.78,1.03,0.66,0.62,0.84,0.46,0.7,
Thailand,2009,0.35,0.49,-0.17,0.9,0.82,0.29,1.52,0.72,-0.25,,0.05,-0.26,-0.3
Thailand,2010,0.75,0.56,0.86,0.6,0.7,0.92,1.05,(0.24),0.71,0.33,1.16,1.8,0.55
Thailand,2011,0.16,0.06,0.03,0.97,0.87,0.53,-0.13,0.28,0.01,(0.07),-0.81,0.26,-0.05
Thailand,2012,0.46,0.28,0.3,0.82,0.02,1.01,0.2,-0.3,1.15,0.0,0.03,0.8,1.16
Thailand,2013,0.08,-0.27,-0.14,0.66,0.97,-0.14,0.78,-0.17,0.15,-0.57,-0.13,-0.1,-0.11
Thailand,2014,0.76,0.31,0.46,1.06,1.45,0.88,1.02,1.02,0.95,0.16,0.2,0.27,1.39
Thailand,2015,0.7,0.96,1.02,0.42,1.75,1.14,1.17,0.07,0.99,0.46,0.05,0.22,0.17
Thailand,2016,0.28,0.29,0.21,0.57,1.14,0.39,-0.53,0.17,0.64,0.06,0.68,0.27,
Thailand,2017,0.85,0.83,1.24,1.61,1.27,1.06,1.08,0.64,0.02,0.55,0.65,0.05,1.14
Thailand,2018,0.96,0.45,1.65,1.05,0.89,1.61,1.08,1.76,0.56,0.14,0.69,1.14,0.53
Thailand,2019,0.34,0.42,(0.16),0.62,0.39,0.7,-0.13,0.85,0.15,0.46,0.51,-0.31,0.58
Thailand,2020,0.37,-0.23,1.21,0.94,1.35,0.35,0.46,0.53,0.22,-0.15,(0.24),0.23,-0.2
Thailand,2021,0.4,0.6,0.51,0.99,0.48,0.39,0.72,0.12,0.08,0.03,0.16,0.98,-0.2
Thailand,2022,1.31,1.48,,2.62,1.96,1.73,0.76,0.71,1.23,0.34,1.23,0.16,1.55
Thailand,2023,0.82,0.78,0.53,0.14,1.42,1.44,0.69,0.99,0.47,0.67,0.83,0.78,1.16
South Africa,1990,0.13,0.17,-0.05,0.14,0.68,(0.27),0.7,0.04,-0.27,-0.46,0.23,-0.02,0.69
South Africa,1991,-0.35,-0.59,-0.29,(0.48),-0.15,-0.05,-0.06,0.25,-0.98,-0.39,-0.81,(0.36),-0.28
South Africa,1992,-0.35,-0.61,0.06,-0.06,-0.13,0.19,0.15,(0.46),(0.69),-0.92,-0.43,-0.99,-0.31
South Africa,1993,0.62,0.3,0.33,1.41,1.24,0.31,0.6,0.57,0.42,0.99,0.27,0.36,0.62
South Africa,1994,0.58,0.83,0.77,0.01,0.46,0.96,0.66,0.79,1.11,-0.19,0.71,0.15,0.73
South Africa,1995,0.3,0.96,0.26,0.03,0.48,0.42,0.67,0.29,1.0,(0.11),-0.13,-0.3,0.05
South Africa,1996,0.32,,0.35,0.15,0.07,0.24,0.78,0.76,0.09,-0.33,(0.01),0.88,
South Africa,1997,0.45,0.73,1.06,0.05,0.38,0.3,0.68,0.4,0.54,-0.04,0.69,0.14,0.52
South Africa,1998,0.68,1.0,0.8,1.06,1.46,0.94,0.37,,0.44,-0.55,0.54,0.43,0.92
South Africa,1999,0.02,-0.6,0.17,0.33,0.24,0.18,-0.33,-0.06,(0.24),0.26,,-0.28,0.59
South Africa,2000,0.4,0.39,0.2,0.99,0.4,0.39,0.21,0.25,0.55,0.33,-0.02,0.68,0.42
South Africa,2001,0.04,-0.41,0.08,0.48,0.58,0.86,(0.19),(0.03),,(0.57),-0.31,0.12,0.35
South Africa,2002,(0.19),-0.31,-0.6,0.27,-0.08,0.85,0.28,-0.05,-0.34,(0.76),-0.73,-0.41,-0.36
South Africa,2003,-0.02,0.18,0.33,0.02,1.0,-0.5,0.15,-0.06,-0.3,-0.43,-0.18,,(0.23)
South Africa,2004,-0.19,-0.69,-0.06,(0.03),0.08,0.09,-0.15,(0.12),-0.48,0.4,-0.56,-0.36,-0.43
South Africa,2005,0.21,0.16,0.21,0.14,0.24,0.04,0.41,0.97,-0.3,0.14,-0.03,0.25,0.33
South Africa,2006,0.47,0.45,0.39,0.33,0.62,0.12,0.32,0.9,0.4,0.65,0.85,0.22,0.44
South Africa,2007,0.39,0.01,0.05,0.84,0.62,1.25,0.82,0.04,0.57,0.04,0.62,-0.03,-0.19
South Africa,2008,0.12,-0.09,(0.02),0.16,0.75,1.1,-0.22,0.72,-0.08,0.18,-0.65,0.25,-0.69
South Africa,2009,0.64,0.67,0.75,0.45,0.99,0.9,0.59,0.84,0.43,0.61,0.32,0.48,0.7
South Africa,2010,0.46,-0.11,0.59,1.03,0.7,0.68,0.46,0.68,0.21,0.03,0.62,-0.0,0.64
South Africa,2011,0.84,1.08,0.46,1.04,0.98,0.83,1.01,1.16,0.57,0.62,0.56,1.15,0.65
South Africa,2012,0.02,-0.45,0.42,0.05,0.65,-0.18,0.06,-0.35,0.25,0.27,0.12,-0.43,(0.22)
South Africa,2013,0.71,(0.03),0.65,1.43,0.77,0.22,0.5,0.39,1.4,1.14,0.74,0.33,1.03
South Africa,2014,0.38,0.69,0.73,0.37,0.92,0.25,-0.15,0.65,0.13,0.33,0.79,-0.2,0.1
South Africa,2015,0.95,1.36,0.92,0.89,1.08,0.97,1.29,1.13,1.11,0.59,0.87,0.1,1.05
South Africa,2016,1.02,0.43,1.3,0.93,1.52,1.24,1.26,1.03,1.43,0.97,0.52,0.87,0.76
South Africa,2017,0.51,0.56,0.55,0.98,0.95,1.32,0.66,-0.07,0.48,-0.1,0.69,-0.12,0.23
South Africa,2018,0.74,1.21,0.26,,1.02,1.36,1.0,1.03,0.84,-0.07,0.54,0.76,0.11
South Africa,2019,0.39,0.23,0.96,0.7,0.62,0.21,0.62,0.32,0.55,-0.08,0.42,0.2,-0.05
South Africa,2020,0.34,-0.12,0.37,0.57,0.66,0.65,0.15,0.78,0.07,0.36,0.09,0.33,0.17
South Africa,2021,0.74,0.89,1.32,0.74,0.39,0.68,1.42,0.83,0.83,0.3,0.72,0.31,0.44
South Africa,2022,0.62,0.86,1.0,1.08,0.24,0.85,0.7,0.07,0.59,0.41,0.68,0.54,0.36
South Africa,2023,0.93,0.21,1.18,0.57,0.94,1.49,0.69,0.53,1.96,0.39,1.56,0.86,0.79
India,1990,0.33,0.7,-0.19,0.14,0.71,0.46,0.71,0.38,0.79,0.07,0.06,0.13,0.01
India,1991,0.32,0.37,0.69,0.83,0.65,0.65,(0.02),0.06,0.52,0.68,(0.7),(0.12),0.19
India,1992,-0.11,-0.54,0.08,0.59,(0.83),(0.11),0.07,0.1,-0.19,0.32,(0.4),0.14,-0.57
India,1993,0.13,-0.39,0.55,0.22,0.44,,0.43,0.25,-0.41,(0.46),-0.12,0.18,0.74
India,1994,0.16,0.59,-0.35,1.17,0.63,0.34,0.23,-0.25,-0.24,0.78,-0.4,-0.39,(0.19)
India,1995,-0.26,-0.23,0.3,-0.31,-0.58,0.06,-0.16,0.17,-0.52,-0.51,-0.49,-0.37,(0.49)
India,1996,(0.13),-0.76,(0.14),0.44,0.52,-0.03,0.6,-0.03,-0.65,-0.85,0.27,-0.34,-0.6
India,1997,(0.56),-0.66,-0.24,(0.61),-0.72,-0.55,0.09,-1.06,-0.86,-0.19,-0.51,(0.6),(0.86)
India,1998,0.08,(0.01),-0.03,-0.05,0.72,0.36,0.43,0.27,0.29,-0.07,(0.18),(0.29),-0.46
India,1999,-0.12,(0.26),-0.65,-0.49,,0.15,-0.19,0.8,-0.87,0.11,-0.36,0.03,-0.17
India,2000,(0.27),-0.27,-0.08,-1.02,0.67,-0.01,0.06,-0.78,-0.14,-0.05,-0.41,(0.49),-0.77
India,2001,0.23,0.01,0.54,0.04,0.64,0.05,0.21,0.46,-0.17,0.3,0.23,-0.07,0.57
India,2002,0.32,0.76,1.14,0.4,0.78,,0.01,0.25,-0.32,-0.22,0.36,-0.06,0.51
India,2003,0.6,1.16,0.72,1.03,0.78,0.71,0.98,0.68,0.4,0.32,0.43,-0.03,0.03
India,2004,0.89,1.52,0.51,0.68,1.43,1.16,1.15,1.14,0.58,0.74,0.68,0.26,0.8
India,2005,0.81,0.61,0.91,1.0,,1.19,0.57,1.28,0.9,0.2,1.23,0.64,0.36
India,2006,0.58,0.93,0.12,0.69,1.04,0.04,0.87,0.79,0.16,0.67,0.53,0.08,1.0
India,2007,0.65,0.56,0.7,,0.8,0.08,0.97,0.35,0.42,1.09,0.42,0.5,0.78
India,2008,0.76,0.23,0.68,0.79,0.91,0.89,1.74,0.13,0.89,0.9,0.6,0.17,1.17
India,2009,-0.14,-0.46,0.39,(0.16),0.66,-0.61,-0.53,-0.4,-0.12,-0.44,-0.58,0.21,0.32
India,2010,0.22,(0.31),-0.39,0.64,0.84,0.57,0.45,0.05,0.54,0.87,-0.71,0.17,(0.11)
India,2011,0.01,-0.37,0.33,0.41,0.86,0.25,-0.53,(0.02),-0.58,-0.58,0.11,-0.02,0.21
India,2012,0.59,0.76,0.38,1.06,0.78,0.53,0.63,0.44,0.98,0.37,0.24,0.17,0.68
India,2013,0.79,0.68,0.43,0.6,0.91,1.5,0.79,0.55,-0.02,1.22,0.81,0.93,1.07
India,2014,0.78,0.58,1.25,0.8,0.99,1.07,0.91,0.5,0.44,0.69,0.66,0.84,0.67
India,2015,0.89,0.63,0.67,1.29,0.77,0.97,1.46,1.29,0.82,0.51,0.55,0.98,0.69
India,2016,0.48,0.97,0.66,0.42,0.87,1.04,0.18,0.4,0.28,0.49,0.54,0.09,(0.21)
India,2017,1.2,0.54,1.19,1.1,1.25,1.82,2.3,0.33,1.28,0.75,1.2,1.19,1.45
India,2018,0.78,0.43,1.26,1.01,0.89,0.77,1.29,1.43,0.21,0.86,0.44,0.03,0.74
India,2019,0.28,-0.16,0.26,,0.42,0.12,0.42,0.19,0.53,0.54,0.38,0.21,0.27
India,2020,0.3,0.17,0.88,-0.03,0.67,0.54,0.84,(0.07),0.4,0.46,-0.46,-0.1,0.36
India,2021,0.81,1.0,1.25,0.67,0.49,,0.54,0.58,1.2,0.83,0.5,0.48,1.08
India,2022,0.8,0.38,0.18,1.79,0.57,,1.57,0.92,0.52,0.12,0.09,0.84,1.34
India,2023,0.81,0.48,1.09,0.61,1.02,0.9,0.64,0.7,1.31,0.77,0.94,0.17,1.04
Indonesia,1990,0.18,-0.41,0.51,0.16,-0.23,0.42,0.51,0.25,0.05,-0.11,0.98,-0.45,0.44
Indonesia,1991,-0.21,(0.31),0.11,-0.35,-0.01,0.18,-0.49,0.23,(0.46),-0.72,-0.6,0.73,-0.86
Indonesia,1992,0.12,-0.12,0.14,0.6,0.6,0.08,-0.26,0.43,0.3,(0.11),0.16,-0.17,-0.25
Indonesia,1993,0.18,0.28,0.3,0.45,(0.03),0.88,0.04,0.03,-0.55,-0.17,0.09,0.21,0.6
Indonesia,1994,0.17,0.37,0.18,0.16,0.84,0.81,-0.07,0.55,0.42,-0.36,0.27,-0.34,-0.82
Indonesia,1995,0.17,0.18,0.13,1.4,0.43,0.31,0.35,-0.1,0.35,0.05,0.0,(0.35),(0.65)
Indonesia,1996,-0.09,0.11,,0.29,0.11,0.35,-0.29,0.08,(0.36),-0.79,-0.27,0.44,-0.68
Indonesia,1997,0.27,0.53,1.23,0.19,0.16,(0.08),0.77,(0.14),-0.04,-0.7,0.36,0.5,0.45
Indonesia,1998,-0.41,-0.04,-0.85,-0.09,0.0,0.02,,-0.28,-1.17,-0.24,-0.44,-0.82,-1.01
Indonesia,1999,0.75,1.18,1.07,0.59,-0.12,1.17,0.93,0.54,1.04,0.85,0.56,0.53,0.61
Indonesia,2000,0.6,0.11,0.72,0.26,1.19,0.84,0.28,0.49,0.01,0.88,0.9,0.56,0.98
Indonesia,2001,0.21,0.63,0.91,0.49,0.55,0.87,0.68,0.02,-0.65,0.08,-0.72,-0.25,-0.13
Indonesia,2002,0.07,0.46,0.64,0.51,0.58,0.57,-0.77,0.13,-0.69,0.16,-0.91,-0.12,0.25
Indonesia,2003,-0.02,0.37,0.29,0.32,0.47,0.02,0.15,-0.01,-0.12,-0.45,-0.71,-0.32,-0.27
Indonesia,2004,0.16,0.47,-0.24,0.23,0.8,0.67,0.72,-0.11,0.34,-0.47,(0.18),-0.12,-0.2
Indonesia,2005,0.32,0.07,-0.03,0.78,0.39,0.52,0.43,0.29,0.2,-0.03,0.63,0.4,0.17
Indonesia,2006,0.25,0.22,0.53,1.04,-0.08,0.7,0.82,-0.33,0.09,-0.33,0.24,-0.05,0.11
Indonesia,2007,0.21,0.59,0.49,0.57,0.57,0.7,0.3,0.98,(0.29),-0.56,-0.62,-0.7,0.47
Indonesia,2008,0.72,1.1,0.29,1.09,0.84,0.86,0.97,0.31,1.55,0.97,0.2,0.01,0.48
Indonesia,2009,0.4,0.96,0.16,0.82,0.12,0.88,0.59,1.3,-0.19,0.9,(0.35),-0.17,(0.24)
Indonesia,2010,0.59,0.11,0.14,0.83,0.96,0.76,0.61,,0.53,0.72,0.43,(0.04),0.7
Indonesia,2011,0.21,0.29,0.55,-0.28,-0.12,0.87,0.16,0.08,0.29,0.0,0.3,0.13,0.31
Indonesia,2012,0.5,0.42,0.88,0.29,0.91,0.49,0.73,0.39,0.23,0.31,0.62,0.26,0.43
Indonesia,2013,0.58,1.09,0.82,0.67,0.62,1.03,0.32,-0.25,0.39,0.77,0.9,0.25,0.38
Indonesia,2014,0.9,0.65,1.06,0.89,1.36,1.22,1.18,0.67,1.43,0.78,0.65,0.28,0.62
Indonesia,2015,0.63,0.34,0.64,0.77,0.88,0.13,0.71,0.51,0.55,0.9,1.28,0.76,0.07
Indonesia,2016,0.53,0.78,0.84,1.11,0.71,0.57,1.35,0.57,0.04,0.96,-0.25,-1.02,0.75
Indonesia,2017,1.02,1.11,0.53,1.1,1.04,0.91,1.61,0.53,0.97,1.25,,1.27,1.07
Indonesia,2018,0.72,0.98,1.17,0.85,0.51,1.38,1.39,0.93,0.51,0.03,0.66,0.12,0.13
Indonesia,2019,0.48,0.41,0.96,0.83,0.68,0.21,0.48,0.39,0.13,0.41,0.06,0.48,0.71
Indonesia,2020,0.45,0.67,0.06,0.23,0.66,0.95,0.95,1.15,0.25,0.28,-0.11,(0.17),0.49
Indonesia,2021,0.48,1.04,0.06,,0.34,0.39,0.86,0.27,0.24,0.04,1.06,0.12,0.46
Indonesia,2022,0.7,0.83,0.59,0.83,1.1,0.57,1.28,1.21,0.88,0.59,-0.66,0.74,0.48
Indonesia,2023,0.73,,1.05,0.34,1.0,1.29,0.66,1.24,0.35,0.82,0.03,0.99,1.0
Viet Nam,1990,-0.04,-0.02,(0.32),0.16,0.78,0.37,-0.38,-0.31,0.54,0.16,-0.55,-0.74,(0.21)
Viet Nam,1991,-0.46,-0.59,0.55,-1.0,(0.4),0.17,-0.13,(0.59),(0.69),-1.17,-0.84,(0.61),-0.19
Viet Nam,1992,-0.2,-0.21,(0.42),0.13,0.38,0.29,(0.5),-0.08,-0.51,0.1,,-0.92,(0.32)
Viet Nam,1993,0.19,0.31,0.11,0.15,0.02,0.23,(0.03),0.6,-0.25,0.09,0.03,0.42,0.55
Viet Nam,1994,0.28,0.45,-0.01,0.05,0.17,0.78,0.44,0.66,0.61,-0.15,0.12,0.13,0.08
Viet Nam,1995,0.0,0.44,0.09,0.14,-0.16,0.41,-0.34,0.15,0.06,-0.37,(0.11),-0.13,-0.15
Viet Nam,1996,0.14,0.18,0.31,,-0.09,0.27,0.36,0.19,0.44,0.23,-0.39,-0.09,(0.07)
Viet Nam,1997,0.16,0.17,0.52,0.42,0.87,0.44,-0.06,-0.01,0.32,-0.65,(0.56),0.0,0.45
Viet Nam,1998,0.41,0.51,1.12,0.79,0.18,0.76,0.44,0.96,0.48,,-0.21,0.41,(0.48)
Viet Nam,1999,0.06,,-0.25,,0.75,(0.16),0.05,0.47,-0.03,-0.66,-0.19,-0.44,0.41
Viet Nam,2000,0.47,0.31,0.59,0.08,0.33,1.23,0.55,0.8,0.42,0.78,-0.57,,0.99
Viet Nam,2001,0.64,1.09,0.66,0.52,0.35,0.3,0.98,0.77,0.44,0.59,0.42,0.77,0.84
Viet Nam,2002,-0.2,0.09,-0.59,0.21,0.42,-0.37,-0.09,-0.02,-0.03,-0.3,-0.69,(0.21),-0.78
Viet Nam,2003,0.31,0.08,0.3,0.2,-0.15,0.28,0.73,0.76,1.13,0.76,-0.42,-0.08,0.15
Viet Nam,2004,0.45,0.35,1.39,0.06,0.24,1.16,0.18,0.48,0.64,0.35,0.2,0.53,(0.13)
Viet Nam,2005,0.1,0.44,-0.5,0.97,0.55,0.46,(0.33),-0.29,-0.03,,-0.8,0.37,-0.02
Viet Nam,2006,0.17,0.43,0.54,0.22,0.78,-0.42,0.25,0.39,0.09,-0.57,0.44,-0.34,0.21
Viet Nam,2007,0.7,0.48,1.04,0.62,0.84,0.62,0.82,1.03,0.43,0.61,0.85,0.84,0.22
Viet Nam,2008,0.91,0.86,1.31,1.16,1.07,1.11,0.96,0.88,0.6,0.49,1.27,0.78,0.43
Viet Nam,2009,0.15,0.81,0.2,-0.03,0.03,(0.13),-0.03,-0.08,0.85,0.2,0.05,-0.36,0.23
Viet Nam,2010,0.01,(0.17),0.9,0.42,0.09,0.43,(0.13),(0.34),0.56,-0.65,-0.36,(0.07),-0.5
Viet Nam,2011,0.97,0.6,1.09,1.13,0.82,1.58,0.55,1.26,1.09,1.26,0.59,0.23,1.45
Viet Nam,2012,0.42,0.12,,0.23,0.86,0.38,0.43,0.84,0.6,0.28,0.32,0.28,
Viet Nam,2013,0.54,0.77,0.62,0.92,0.44,0.51,0.38,0.35,0.99,0.69,-0.06,0.58,0.32
Viet Nam,2014,0.32,(0.2),0.88,0.02,0.57,0.19,0.81,0.26,0.24,0.18,0.32,0.23,0.28
Viet Nam,2015,0.25,-0.16,0.12,0.93,0.55,0.38,0.01,-0.22,0.09,0.65,0.05,0.46,0.13
Viet Nam,2016,0.95,0.7,0.45,0.91,1.78,1.73,1.14,0.79,0.86,0.8,0.63,0.84,0.82
Viet Nam,2017,0.46,0.1,0.5,1.07,0.77,0.87,0.57,0.16,0.38,-0.0,(0.05),0.89,0.31
Viet Nam,2018,0.58,1.12,0.9,0.5,0.85,0.56,0.3,0.67,0.25,0.33,0.69,0.67,0.16
Viet Nam,2019,0.93,0.42,1.15,1.1,1.22,0.93,1.8,0.51,1.16,0.28,0.87,0.93,0.79
Viet Nam,2020,0.49,0.66,0.81,1.49,0.45,0.55,0.82,0.5,0.46,0.86,-0.73,0.19,(0.2)
Viet Nam,2021,0.53,1.38,0.76,0.97,0.58,0.89,-0.19,0.83,-0.01,0.03,0.42,0.37,0.35
Viet Nam,2022,0.54,0.43,0.88,0.35,1.12,0.22,0.49,1.01,0.02,0.64,0.98,0.29,0.08
Viet Nam,2023,0.75,1.12,1.2,1.35,0.78,1.18,0.67,0.24,0.94,1.07,(0.02),0.0,0.51
Pakistan,1990,0.15,-0.17,0.48,0.22,0.77,0.14,0.7,0.22,-0.19,0.14,-0.69,-0.11,0.32
Pakistan,1991,-0.6,(1.53),-1.34,0.2,-0.34,-0.55,-0.03,(0.67),-0.5,-0.67,-0.89,-0.56,(0.3)
Pakistan,1992,-0.1,-0.19,-0.04,-0.75,0.31,-0.32,0.35,(0.04),(0.06),0.1,-0.58,-0.03,0.0
Pakistan,1993,(0.08),(0.35),0.36,0.47,0.27,-0.24,(0.09),-0.0,0.19,-0.79,(0.41),(0.31),-0.11
Pakistan,1994,-0.4,-0.38,-0.31,-0.53,-0.14,-0.33,0.01,(0.64),-0.35,-0.79,-0.73,-0.34,-0.3
Pakistan,1995,0.03,-0.11,-0.48,0.73,0.47,0.43,-0.54,(0.24),-0.23,-0.95,0.16,0.41,0.72
Pakistan,1996,-0.18,-0.12,0.47,-0.09,-0.19,-0.74,0.39,-0.17,-0.56,(0.22),-0.3,-0.27,-0.35
Pakistan,1997,0.69,0.61,1.41,1.06,1.0,0.79,1.15,0.71,0.19,0.1,0.63,0.13,0.54
Pakistan,1998,0.67,0.64,0.33,1.25,0.94,1.1,(0.29),0.65,0.75,1.02,(0.27),,1.07
Pakistan,1999,-0.29,-0.19,-0.03,-0.34,-0.38,0.06,-0.53,-0.47,-0.16,0.15,-0.36,-0.5,(0.69)
Pakistan,2000,0.05,0.39,-0.01,0.58,0.01,-0.14,,(0.08),-0.64,0.5,-0.5,0.14,0.18
Pakistan,2001,0.0,-0.5,(0.12),-0.28,0.79,-0.01,0.35,0.1,-0.1,-0.26,0.19,(0.61),0.49
Pakistan,2002,-0.18,0.23,(0.55),-0.04,0.15,(0.11),-0.06,-0.64,-0.58,-0.06,-0.27,-0.54,0.34
Pakistan,2003,(0.09),-0.19,-0.14,0.38,0.18,0.09,-0.68,0.31,-0.23,-0.17,(0.54),-0.58,0.46
Pakistan,2004,0.01,-0.6,0.51,0.25,(0.11),0.49,0.1,(0.09),-0.19,(0.17),(0.18),0.52,-0.36
Pakistan,2005,0.26,(0.17),0.41,1.24,0.92,0.28,0.44,-0.19,(0.16),0.21,-0.07,-0.27,
Pakistan,2006,0.11,-0.25,-0.35,0.32,(0.06),-0.2,0.93,0.34,0.17,0.13,(0.28),0.37,0.22
Pakistan,2007,0.16,-0.05,(0.19),0.21,0.3,0.2,0.32,0.17,0.19,0.4,0.23,0.41,-0.24
Pakistan,2008,0.42,0.56,0.67,0.2,0.74,0.09,0.59,0.29,-0.36,-0.05,0.97,0.21,1.12
Pakistan,2009,0.02,0.34,(0.87),0.21,0.49,0.55,-0.18,0.46,-0.27,-0.2,-0.33,-0.59,0.57
Pakistan,2010,0.68,0.95,1.03,0.3,1.2,0.89,0.2,0.69,,0.98,0.64,0.31,0.92
Pakistan,2011,-0.02,-0.25,0.05,1.12,-0.18,-0.46,-0.43,0.41,-0.29,-0.19,0.16,(0.19),0.03
Pakistan,2012,0.67,0.54,0.74,0.98,1.26,0.57,-0.4,0.98,0.98,0.62,0.62,0.31,0.81
Pakistan,2013,0.71,0.85,1.93,0.38,1.1,0.53,1.28,0.2,0.2,0.4,0.74,0.42,0.5
Pakistan,2014,0.62,0.45,,0.99,0.62,1.56,0.84,0.16,0.55,0.59,0.07,-0.05,0.48
Pakistan,2015,0.52,1.11,0.91,0.43,0.89,1.2,0.06,0.11,0.41,0.36,0.3,0.22,0.29
Pakistan,2016,0.98,1.22,0.67,1.91,1.75,1.47,1.11,1.57,0.55,0.26,0.35,0.19,0.71
Pakistan,2017,0.81,0.85,0.86,0.99,1.66,1.19,1.23,0.84,0.02,-0.13,1.4,0.38,0.42
Pakistan,2018,0.78,0.99,1.14,1.66,1.57,0.62,1.26,0.62,0.62,0.16,-0.1,0.59,0.29
Pakistan,2019,1.08,0.89,1.23,1.72,0.61,0.89,1.18,1.13,1.34,1.18,0.84,0.95,1.04
Pakistan,2020,0.36,0.25,0.51,0.67,0.14,-0.03,0.32,1.1,-0.12,0.61,0.74,0.15,(0.06)
Pakistan,2021,0.87,1.01,0.69,0.84,1.31,1.48,0.9,0.9,1.1,0.69,0.61,0.45,0.52
Pakistan,2022,1.64,1.52,2.25,2.45,1.73,1.92,1.74,0.96,0.88,1.45,1.23,2.18,1.41
Pakistan,2023,1.61,1.22,2.28,1.79,1.84,1.38,1.74,2.09,1.25,1.1,1.11,1.89,1.65
Egypt,1990,0.51,0.56,0.55,0.78,1.06,0.51,1.08,0.58,-0.63,0.61,-0.27,0.6,0.69
Egypt,1991,0.21,0.34,0.66,0.1,0.64,0.76,0.93,,0.19,-0.43,-0.48,0.09,0.05
Egypt,1992,0.39,0.26,0.44,0.65,0.25,0.28,0.94,0.17,0.77,0.46,(0.43),0.43,0.5
Egypt,1993,0.1,0.15,,0.91,0.36,0.02,0.48,-0.1,-0.28,-0.12,-0.26,-0.34,0.42
Egypt,1994,0.18,0.57,-0.18,-0.45,0.33,0.98,0.38,1.35,0.1,(0.01),-1.0,0.06,0.03
Egypt,1995,0.01,-0.05,0.08,0.1,1.04,0.03,0.17,-0.16,,-0.1,(0.31),-0.94,0.0
Egypt,1996,0.2,0.03,(0.32),0.8,0.6,0.8,0.62,0.29,-0.5,0.62,-0.51,-0.22,0.24
Egypt,1997,0.53,0.63,0.34,0.33,1.62,0.56,0.44,0.12,0.4,0.31,0.2,0.38,1.01
Egypt,1998,(0.04),0.04,-0.14,0.31,-0.01,-0.02,-0.46,0.06,0.09,0.59,0.01,-0.33,-0.62
Egypt,1999,(0.18),-0.66,0.71,0.15,-0.17,-0.35,-0.38,-0.39,0.29,-0.33,-0.92,0.61,-0.7
Egypt,2000,(0.01),0.6,0.34,0.06,-0.22,-0.14,-0.19,0.08,0.05,-0.16,-0.14,-0.52,
Egypt,2001,0.75,0.59,0.69,0.87,1.31,0.47,1.34,0.83,0.57,0.97,-0.01,0.69,0.73
Egypt,2002,(0.07),0.2,0.23,0.12,0.56,-0.04,0.23,-0.03,-0.33,0.05,-0.26,-0.74,-0.8
Egypt,2003,0.7,0.07,0.77,0.76,0.61,1.52,0.73,0.86,0.58,0.3,0.35,0.97,0.9
Egypt,2004,0.82,1.02,0.68,0.93,0.66,1.42,0.8,-0.29,1.82,0.53,0.5,1.43,0.35
Egypt,2005,0.7,0.48,0.29,1.57,1.29,1.26,0.96,0.96,0.12,0.59,0.14,-0.01,0.78
Egypt,2006,0.76,0.59,0.76,0.47,0.95,1.22,1.16,0.97,0.4,0.31,0.87,0.9,0.58
Egypt,2007,0.3,0.76,0.25,0.77,0.44,0.05,1.04,0.35,-0.09,-0.43,-0.42,(0.03),0.97
Egypt,2008,0.14,0.85,0.32,(0.02),0.29,-0.06,0.03,-0.08,-0.59,0.71,0.16,(0.17),0.26
Egypt,2009,0.27,-0.84,1.51,0.47,0.19,(0.38),-0.27,,0.73,0.35,-0.42,0.66,0.3
Egypt,2010,0.63,0.87,0.19,0.39,0.69,1.13,0.24,0.63,0.53,0.84,0.77,0.12,1.18
Egypt,2011,0.24,0.61,0.06,0.41,0.47,0.43,0.55,0.33,0.39,0.19,(0.53),0.11,(0.15)
Egypt,2012,0.44,0.1,0.39,0.49,0.84,0.91,0.45,0.42,0.16,0.35,,0.02,0.98
Egypt,2013,0.52,0.99,-0.03,0.91,1.19,(0.18),0.57,,0.41,0.39,0.27,-0.2,1.26
Egypt,2014,0.26,0.62,0.29,(0.29),0.28,0.04,0.99,0.21,0.14,-0.15,0.29,-0.01,0.75
Egypt,2015,0.75,0.49,1.16,0.89,0.92,0.3,0.79,0.84,1.15,0.24,1.43,0.77,0.01
Egypt,2016,0.63,0.96,0.99,0.58,0.66,0.1,1.03,0.0,0.63,0.76,0.22,0.61,1.04
Egypt,2017,0.66,0.69,0.83,0.63,0.65,1.11,0.79,0.89,0.06,0.55,0.97,0.13,0.66
Egypt,2018,0.15,-0.38,0.57,0.19,1.07,0.49,0.46,-0.29,-0.11,-0.32,-0.48,0.24,0.39
Egypt,2019,0.68,0.51,1.08,0.25,1.57,0.5,0.5,0.89,0.83,0.64,0.2,1.12,0.07
Egypt,2020,0.4,0.26,-0.1,0.97,0.03,1.1,,0.8,0.96,0.16,-0.3,0.09,(0.02)
Egypt,2021,0.47,0.62,0.54,0.43,0.66,0.96,1.04,,0.34,0.33,-0.11,0.34,0.52
Egypt,2022,1.2,0.99,0.7,1.93,1.49,1.35,1.46,1.05,1.37,0.81,0.76,1.04,1.49
Egypt,2023,1.59,1.52,1.59,1.73,1.87,1.97,1.28,1.81,1.32,1.37,1.63,1.4,1.55
Nigeria,1990,0.16,0.48,0.26,0.11,0.52,1.09,-0.48,(0.44),0.86,-0.12,-0.24,-0.34,0.27
Nigeria,1991,1.01,0.54,0.87,0.84,1.3,1.47,1.56,1.12,1.72,0.41,0.27,1.22,0.76
Nigeria,1992,-0.45,-0.49,-0.16,-0.45,(0.57),-0.27,-0.69,-0.11,(1.24),(0.5),-0.35,-0.57,(0.03)
Nigeria,1993,-0.41,(0.62),-0.37,0.12,(0.05),0.69,-0.56,-0.89,0.28,-1.08,-0.26,-0.9,(1.26)
Nigeria,1994,0.06,0.35,-0.4,0.39,0.49,-0.35,-0.0,0.62,0.15,-0.29,-0.05,,0.33
Nigeria,1995,0.49,0.51,0.65,0.23,0.12,0.48,0.52,0.88,0.73,,0.74,,0.79
Nigeria,1996,-0.22,0.41,0.01,-0.71,0.4,0.41,(0.17),-0.24,-0.25,-1.03,(1.23),0.26,(0.52)
Nigeria,1997,0.52,1.28,1.46,0.64,0.29,0.47,0.65,-0.22,0.44,0.48,0.01,0.14,0.54
Nigeria,1998,0.35,(0.05),0.52,0.53,0.53,0.22,-0.13,0.99,0.46,0.54,0.07,0.07,0.4
Nigeria,1999,-0.32,-0.77,-0.54,-0.33,-0.48,-0.02,-0.19,0.23,0.56,-1.0,-0.47,-0.44,(0.43)
Nigeria,2000,-0.12,-0.44,0.12,-0.28,0.19,-0.0,0.08,-0.46,(0.11),(0.6),-0.21,0.29,-0.07
Nigeria,2001,0.52,0.7,-0.09,1.23,0.15,0.9,0.77,0.01,0.68,0.4,0.93,0.28,0.23
Nigeria,2002,0.01,(0.55),0.12,0.21,0.45,-0.25,0.15,0.38,0.32,(0.77),0.23,-0.13,-0.03
Nigeria,2003,-0.38,0.21,(0.21),-0.82,-0.03,-0.07,0.2,-0.51,-0.48,-0.81,-0.35,-0.87,-0.84
Nigeria,2004,0.35,-0.16,1.07,1.27,0.35,(0.05),0.56,0.14,0.7,-0.16,0.35,0.2,-0.04
Nigeria,2005,0.52,0.8,0.58,0.66,0.3,1.08,0.96,0.28,0.3,0.84,-0.21,0.52,0.12
Nigeria,2006,0.83,0.96,1.54,0.8,0.63,1.01,1.14,0.73,1.14,0.68,-0.1,0.98,0.48
Nigeria,2007,0.35,0.94,1.13,0.26,0.75,0.27,0.3,0.07,-0.47,0.18,0.23,-0.13,0.65
Nigeria,2008,0.3,0.06,0.63,-0.12,0.88,0.33,0.81,0.83,0.48,-0.18,,-0.43,0.66
Nigeria,2009,0.57,0.19,0.48,1.04,0.95,0.78,0.79,0.51,0.46,0.35,0.23,0.56,0.48
Nigeria,2010,0.38,0.45,0.43,0.65,0.39,0.73,0.31,,-0.05,-0.09,0.28,-0.07,1.02
Nigeria,2011,0.85,0.7,1.12,0.68,1.26,1.23,1.3,0.52,0.11,0.28,0.38,1.19,1.47
Nigeria,2012,0.89,0.66,0.61,1.16,1.73,1.54,1.21,1.1,0.89,0.46,0.16,0.47,0.72
Nigeria,2013,0.07,0.08,-0.09,0.72,0.12,0.44,-0.04,,(0.64),0.16,-0.57,-0.24,0.12
Nigeria,2014,0.65,0.77,0.84,0.59,0.81,0.86,0.85,0.65,0.87,0.54,0.56,0.35,0.16
Nigeria,2015,0.67,,0.95,0.52,1.2,0.71,1.06,0.52,0.71,0.29,0.27,-0.13,0.78
Nigeria,2016,0.79,0.93,0.97,0.63,1.35,1.33,0.55,0.97,1.01,0.4,0.44,0.8,0.06
Nigeria,2017,0.19,-0.05,-0.27,0.96,-0.25,0.66,0.77,0.23,-0.02,0.27,0.15,0.58,(0.8)
Nigeria,2018,0.66,0.65,0.54,0.9,0.73,0.54,0.4,1.35,0.94,0.45,0.26,0.47,0.66
Nigeria,2019,0.98,0.55,1.66,1.12,1.86,1.1,0.85,1.4,0.87,0.73,0.17,0.94,0.55
Nigeria,2020,0.54,0.42,0.89,0.17,0.73,1.18,0.22,0.68,0.26,0.28,1.08,-0.22,0.82
Nigeria,2021,0.44,0.42,0.29,1.11,0.76,0.68,,0.56,-0.27,0.26,0.79,-0.14,0.1
Nigeria,2022,0.8,0.38,0.76,0.41,0.72,0.83,1.03,1.17,0.47,1.25,0.4,0.83,1.34
Nigeria,2023,0.82,0.32,1.0,0.8,0.96,1.83,0.48,0.99,0.42,0.57,0.96,0.82,0.68
Philippines,1990,0.02,-0.07,0.59,-0.38,0.77,0.46,0.45,-0.07,0.17,(0.77),-0.66,-0.06,(0.18)
Philippines,1991,0.07,-1.02,(0.09),-0.32,0.38,0.08,-0.17,1.04,0.3,0.23,0.66,0.13,-0.43
Philippines,1992,-0.09,0.17,-0.94,-0.07,(0.88),-0.0,0.23,-0.1,0.06,0.4,-0.47,0.73,-0.23
Philippines,1993,0.48,0.12,1.11,0.95,1.15,0.55,-0.04,0.54,-0.42,0.05,0.24,1.14,0.39
Philippines,1994,-0.01,0.12,-0.29,0.35,0.38,-0.07,,-0.05,0.07,(0.21),-0.48,0.08,0.26
Philippines,1995,0.09,-0.06,0.5,,-0.11,0.75,0.4,0.11,-0.57,-0.31,0.77,-0.62,(0.04)
Philippines,1996,0.1,0.27,-0.35,0.39,-0.33,0.36,-0.02,-0.2,0.38,(0.12),0.13,0.17,0.55
Philippines,1997,-0.06,0.18,-0.08,(0.17),-0.45,0.23,-0.46,0.02,0.48,0.03,0.17,-0.65,0.02
Philippines,1998,-0.04,-0.24,0.65,-0.21,0.5,0.44,0.39,-0.65,-0.03,(0.38),0.09,-0.98,-0.1
Philippines,1999,0.18,(0.5),0.04,-0.27,0.2,0.69,0.47,0.36,(0.22),0.57,0.09,0.13,0.57
Philippines,2000,0.09,0.04,0.22,-0.09,0.41,0.32,0.01,-0.1,0.06,0.09,-0.22,0.23,0.12
Philippines,2001,-0.28,-0.82,0.31,(0.19),0.0,0.37,-0.16,-0.25,-0.71,-0.29,-0.23,-0.67,-0.73
Philippines,2002,1.13,1.05,0.91,1.54,1.27,0.83,,0.75,1.62,1.11,0.78,0.96,1.35
Philippines,2003,0.46,1.23,0.94,0.75,0.21,0.5,0.67,0.05,0.8,-0.18,-0.07,-0.02,0.58
Philippines,2004,-0.08,-0.61,0.64,0.1,-0.12,(0.02),,(0.15),-0.04,-0.24,-0.58,-0.36,-0.51
Philippines,2005,0.84,0.7,1.75,,0.52,1.45,1.18,0.82,0.12,1.19,0.43,0.32,1.02
Philippines,2006,0.14,-0.07,0.51,0.25,-0.61,0.21,,-0.07,,-0.09,0.38,-0.27,0.66
Philippines,2007,0.15,-0.89,0.64,(0.13),0.94,0.44,0.46,0.46,(0.01),-0.08,0.35,-0.09,-0.35
Philippines,2008,0.74,-0.22,1.25,1.34,1.3,1.26,0.69,0.58,0.03,1.15,0.23,0.59,0.63
Philippines,2009,0.05,-0.62,0.18,0.06,0.24,0.67,0.26,0.38,0.15,-0.23,,0.01,0.01
Philippines,2010,0.76,0.71,0.76,0.86,0.61,1.53,1.33,0.29,1.0,(0.14),0.97,0.32,0.82
Philippines,2011,-0.02,-0.53,0.23,-0.16,-0.19,0.68,0.93,0.32,-0.59,0.48,-0.88,(0.35),-0.13
Philippines,2012,1.13,1.49,1.04,0.92,1.73,1.09,1.31,0.58,1.25,1.15,0.43,1.37,1.25
Philippines,2013,0.92,0.65,0.97,1.0,0.94,1.04,1.4,1.23,0.22,1.02,1.07,0.56,0.9
Philippines,2014,0.91,0.41,0.7,1.22,,1.31,1.37,1.21,1.44,0.54,0.62,0.7,0.62
Philippines,2015,0.66,0.1,0.97,0.41,0.6,1.25,0.81,1.07,0.6,1.06,0.49,-0.17,0.78
Philippines,2016,(0.34),-0.58,-0.25,-0.23,-0.02,-0.24,-0.46,0.62,-0.37,-1.07,-0.35,-0.62,-0.45
Philippines,2017,0.69,0.71,0.53,1.24,1.55,1.28,0.01,0.44,0.81,0.62,0.56,0.32,0.23
Philippines,2018,1.28,1.31,1.66,1.48,1.52,1.45,0.95,0.7,1.36,1.2,1.48,1.42,0.88
Philippines,2019,1.31,1.37,1.44,2.14,2.08,1.51,1.39,1.5,0.73,0.66,1.13,0.55,
Philippines,2020,0.76,0.45,0.91,1.49,1.03,1.0,1.03,0.98,0.56,0.76,0.18,,0.43
Philippines,2021,0.79,0.98,0.96,1.37,1.27,0.97,0.6,0.59,0.23,0.8,0.37,0.54,0.76
Philippines,2022,1.22,1.48,1.19,1.79,0.51,2.04,1.49,1.15,0.66,0.76,1.16,1.19,1.28
Philippines,2023,0.63,0.23,0.78,,0.81,1.37,0.72,0.61,0.77,0.92,-0.13,(0.01),0.38
Ukraine,1990,0.92,0.84,1.0,1.37,1.54,1.19,1.51,0.47,0.54,1.24,0.75,0.27,0.32
Ukraine,1991,-0.05,(0.22),0.07,(0.18),0.14,-0.22,0.37,0.8,-0.48,(0.2),-0.26,-0.34,-0.06
Ukraine,1992,0.31,0.01,0.82,0.45,0.24,1.34,0.25,0.3,0.16,-0.03,0.17,-0.32,0.33
Ukraine,1993,-0.7,-0.97,0.38,-0.78,(1.04),-0.77,0.34,-1.17,(0.93),-1.21,(0.76),,-0.74
Ukraine,1994,0.64,0.18,0.72,0.97,0.46,1.02,0.6,0.81,0.51,-0.34,0.98,1.31,0.49
Ukraine,1995,-0.1,0.46,0.71,-0.04,-0.03,-0.0,-0.71,-0.26,0.44,-0.39,(0.76),-0.12,-0.51
Ukraine,1996,0.08,-0.38,(0.18),0.6,0.38,-0.01,0.28,(0.11),(0.28),0.42,0.24,-0.05,0.09
Ukraine,1997,0.14,0.37,-0.05,0.69,0.51,0.24,0.08,0.51,0.01,-0.28,-0.18,0.31,-0.57
Ukraine,1998,0.25,0.52,0.13,0.38,0.73,0.62,0.02,0.04,0.36,0.3,-0.14,-0.1,0.1
Ukraine,1999,0.76,1.06,1.01,0.38,0.73,0.72,1.3,0.54,1.04,0.23,0.24,0.65,1.16
Ukraine,2000,(0.26),-0.84,(0.34),0.48,-0.2,0.01,0.29,(0.79),-0.07,-0.45,-0.61,-0.31,-0.34
Ukraine,2001,0.14,,0.37,0.35,0.45,0.15,0.0,-0.24,-0.22,0.9,-0.06,-0.93,0.08
Ukraine,2002,-0.14,-0.15,-0.1,0.02,0.01,-0.15,(0.66),(0.21),0.13,0.38,,-0.4,-0.08
Ukraine,2003,0.84,0.58,,0.62,1.1,1.33,0.36,0.56,1.05,0.85,0.99,0.94,0.54
Ukraine,2004,0.9,1.06,-0.11,1.07,1.02,1.5,0.93,1.45,1.13,0.44,0.75,0.53,0.98
Ukraine,2005,0.13,0.17,0.13,0.25,1.16,0.17,-0.53,0.55,0.44,-0.82,(0.34),0.14,0.25
Ukraine,2006,0.25,0.41,0.12,-0.39,1.42,0.18,0.57,0.34,0.66,0.27,0.26,(0.83),-0.03
Ukraine,2007,0.5,0.91,0.37,0.19,0.9,-0.34,0.29,1.35,1.13,0.67,0.57,(0.3),0.25
Ukraine,2008,0.24,0.07,,1.05,0.34,0.4,0.76,(0.21),-0.07,(0.11),0.18,0.05,0.14
Ukraine,2009,0.25,-0.15,0.62,0.31,0.72,0.0,0.11,0.19,0.12,0.4,-0.1,0.4,0.33
Ukraine,2010,0.35,0.09,0.87,0.27,0.66,0.62,0.49,0.31,0.04,-0.35,0.83,0.1,0.32
Ukraine,2011,0.39,0.92,1.36,0.72,0.62,0.21,0.01,-0.22,0.07,-0.52,0.72,0.48,0.28
Ukraine,2012,0.87,0.45,0.65,0.28,1.39,0.73,0.99,1.28,1.33,,0.84,0.35,1.46
Ukraine,2013,0.57,0.56,0.46,1.18,0.8,1.0,0.77,0.44,0.8,0.49,-0.06,-0.04,0.48
Ukraine,2014,0.93,1.53,0.26,1.06,1.27,1.16,1.38,1.13,0.38,0.29,0.8,1.1,0.83
Ukraine,2015,0.09,-0.27,0.53,0.19,0.4,0.75,-0.23,-0.01,-0.16,0.12,0.26,-0.61,0.05
Ukraine,2016,0.7,0.17,0.99,0.6,0.85,0.08,1.57,0.77,0.49,,0.29,0.28,1.41
Ukraine,2017,1.3,0.98,1.74,1.53,0.85,1.02,1.94,0.65,2.03,0.82,1.65,0.92,1.44
Ukraine,2018,1.06,1.67,0.98,0.95,1.29,0.77,1.31,0.79,1.45,0.72,0.22,1.51,1.09
Ukraine,2019,0.83,1.17,1.18,0.6,0.75,0.46,0.25,0.97,,0.86,1.05,0.87,0.98
Ukraine,2020,0.16,0.0,0.61,-0.17,0.36,0.51,0.4,0.27,0.27,0.03,-0.66,0.16,0.14
Ukraine,2021,0.36,0.89,0.65,-0.04,0.21,0.29,0.21,0.46,-0.15,0.62,0.56,0.41,0.26
Ukraine,2022,1.09,0.97,0.89,1.73,,0.98,1.01,0.79,1.79,0.91,0.94,1.2,0.5
Ukraine,2023,1.02,0.91,1.99,1.2,1.77,0.33,0.78,1.04,0.24,1.22,1.08,0.58,1.05
Bangladesh,1990,0.18,-0.6,-0.17,0.28,0.45,0.39,0.7,0.43,0.42,-0.49,0.1,-0.05,0.73
Bangladesh,1991,0.16,-0.19,0.52,0.48,-0.05,0.11,0.04,0.57,0.06,0.19,-0.32,0.04,0.5
Bangladesh,1992,-0.15,(0.01),(0.5),-0.19,0.01,-0.31,0.57,-0.39,0.16,-0.16,-0.25,0.36,(1.06)
Bangladesh,1993,-0.19,-0.42,-0.67,-0.29,0.22,-0.1,0.47,-0.07,-0.21,-0.29,-0.22,-0.32,(0.42)
Bangladesh,1994,0.33,0.15,0.34,0.74,0.72,0.21,0.8,0.61,0.37,0.05,0.03,0.14,-0.2
Bangladesh,1995,0.19,0.47,0.56,0.13,0.74,1.05,0.09,0.39,-0.89,-0.56,-0.05,-0.46,0.83
Bangladesh,1996,0.33,0.72,0.42,0.1,0.32,0.6,,0.6,0.51,0.16,-0.6,0.84,0.14
Bangladesh,1997,1.1,1.25,1.0,1.34,0.38,1.57,2.11,0.15,0.77,0.77,1.14,1.66,1.04
Bangladesh,1998,0.89,0.91,1.12,1.15,1.53,0.85,1.27,0.35,0.63,0.41,0.68,0.54,1.2
Bangladesh,1999,0.01,-0.73,-0.48,0.53,-0.23,0.29,(0.06),0.29,-0.23,0.89,,(0.34),-0.32
Bangladesh,2000,0.93,0.76,1.27,1.37,1.39,0.67,1.49,0.8,1.66,0.43,1.01,0.13,0.23
Bangladesh,2001,0.03,-0.26,0.71,0.18,0.74,0.04,0.37,(0.27),-0.39,-0.88,-0.04,-0.05,0.23
Bangladesh,2002,0.47,1.17,0.53,0.93,0.43,0.17,0.75,0.33,0.6,0.33,-0.15,0.62,-0.08
Bangladesh,2003,0.5,1.03,0.46,1.15,0.87,1.03,0.28,0.6,(0.15),1.02,-0.49,0.2,0.04
Bangladesh,2004,0.5,,0.91,1.91,0.2,0.21,0.3,0.6,0.04,0.08,0.6,-0.12,-0.0
Bangladesh,2005,0.34,0.13,0.76,0.07,0.17,0.66,0.68,0.83,0.34,,0.29,(0.02),0.05
Bangladesh,2006,-0.15,0.23,0.05,0.35,-1.06,0.02,-0.37,0.47,0.01,(0.21),-0.51,-0.15,(0.6)
Bangladesh,2007,0.52,0.16,1.4,1.16,1.02,-0.03,,0.47,0.78,0.35,0.19,0.32,-0.43
Bangladesh,2008,0.31,0.37,0.78,0.17,0.4,-0.25,0.9,0.67,0.38,0.21,0.64,-0.28,-0.25
Bangladesh,2009,0.81,1.19,0.42,0.75,1.67,1.13,1.21,,0.96,,-0.2,0.91,1.27
Bangladesh,2010,0.44,0.21,1.21,0.52,0.6,1.27,0.38,0.16,0.65,(0.03),0.17,(0.28),0.4
Bangladesh,2011,0.63,0.93,0.99,0.94,0.9,0.69,0.89,0.1,-0.49,0.84,0.62,0.32,0.88
Bangladesh,2012,0.05,0.05,0.09,0.73,(0.1),0.2,0.55,-0.15,-0.03,-0.73,0.37,-0.12,(0.21)
Bangladesh,2013,-0.02,0.02,-0.35,1.14,-0.57,0.18,0.33,-0.12,0.17,-0.31,0.6,-0.43,-0.85
Bangladesh,2014,0.38,0.37,0.26,0.68,0.61,0.13,0.11,0.06,0.86,0.31,0.77,0.37,
Bangladesh,2015,0.27,0.4,0.39,0.45,0.44,-0.33,0.92,0.3,-0.35,0.34,(0.22),0.37,0.57
Bangladesh,2016,0.79,0.89,0.89,0.88,0.87,1.12,0.97,0.63,0.4,0.74,0.58,0.33,1.19
Bangladesh,2017,1.37,1.59,1.02,1.36,2.02,0.91,1.62,0.63,1.78,0.86,1.9,1.72,1.06
Bangladesh,2018,0.43,0.56,0.51,0.5,0.02,,0.14,0.7,0.78,0.61,0.42,-0.03,0.47
Bangladesh,2019,0.9,0.73,1.11,1.08,1.83,1.48,1.31,0.28,0.93,0.73,0.7,0.16,0.43
Bangladesh,2020,0.74,1.18,0.59,0.74,1.64,0.78,0.78,0.68,0.09,0.79,0.27,0.54,0.81
Bangladesh,2021,1.47,0.83,1.8,1.88,1.3,1.77,2.12,1.05,1.35,1.35,1.37,1.49,1.32
Bangladesh,2022,0.88,0.59,1.12,0.94,0.66,0.92,1.16,1.13,0.35,0.41,1.04,0.98,1.21
Bangladesh,2023,1.53,1.45,1.17,1.45,2.1,2.51,1.52,1.45,1.43,1.07,1.5,1.47,1.28
Morocco,1990,(0.21),-0.7,0.3,0.16,-0.19,(0.37),0.27,-0.74,-0.08,0.07,-0.08,-0.42,(0.7)
Morocco,1991,0.26,0.68,0.07,0.58,1.03,0.51,0.14,0.62,-0.19,-0.49,0.33,-0.13,-0.03
Morocco,1992,0.12,-0.33,0.52,0.7,0.78,0.47,0.15,(0.71),-0.31,0.55,-0.51,0.29,-0.22
Morocco,1993,-0.67,-0.47,-0.12,-0.57,-0.04,-1.22,(1.18),-0.65,-0.64,(0.36),-0.67,(1.38),-0.74
Morocco,1994,0.15,(0.47),0.36,0.32,0.22,0.65,(0.08),0.45,0.4,0.54,-0.37,-0.5,0.29
Morocco,1995,0.1,1.2,0.32,,0.17,-0.27,0.36,0.01,-0.09,-0.1,-0.07,(0.83),0.27
Morocco,1996,-0.08,-0.16,0.51,0.78,-0.58,0.08,0.11,-0.71,0.12,-0.23,-0.23,-0.64,-0.04
Morocco,1997,0.4,0.48,0.32,0.43,0.71,0.62,0.89,0.23,-0.16,0.4,0.04,0.57,0.33
Morocco,1998,0.22,-0.01,0.55,0.29,0.11,0.23,0.28,0.89,,-0.29,0.25,0.23,0.1
Morocco,1999,0.27,0.57,0.54,0.58,-0.1,1.5,0.7,0.38,-0.39,0.38,-0.22,-0.07,-0.6
Morocco,2000,(0.01),0.05,0.38,0.32,0.34,0.02,-0.19,-0.01,0.11,(0.29),0.16,(0.38),(0.61)
Morocco,2001,0.32,0.31,0.34,0.96,0.79,-0.13,0.99,(0.82),1.03,-0.02,-0.0,0.07,0.33
Morocco,2002,0.27,0.25,0.92,0.7,0.12,0.77,0.61,0.08,0.52,0.06,0.01,0.03,-0.77
Morocco,2003,0.15,0.45,0.26,-0.17,0.75,0.22,-0.22,1.05,-0.35,0.35,-0.34,0.05,-0.29
Morocco,2004,0.1,0.19,0.24,0.61,0.16,1.04,0.19,0.2,-0.67,(0.44),,-0.23,-0.05
Morocco,2005,0.25,0.18,0.28,-0.17,0.59,-0.38,0.3,0.84,0.3,0.23,-0.43,,0.58
Morocco,2006,0.06,-0.04,0.75,,-0.16,-0.08,0.19,-0.72,0.05,0.45,-0.63,0.02,-0.19
Morocco,2007,0.97,0.69,1.62,0.85,1.43,1.19,0.96,0.6,0.95,0.57,0.44,1.33,1.04
Morocco,2008,0.54,0.49,0.67,0.72,0.98,1.07,0.73,0.33,0.85,0.48,-0.13,-0.38,0.66
Morocco,2009,0.42,0.4,0.02,0.45,0.27,1.1,0.71,0.77,0.14,0.38,0.06,0.64,0.1
Morocco,2010,0.0,(0.72),0.85,0.45,0.5,0.85,(0.48),-0.06,(0.11),0.2,-0.4,-0.57,-0.5
Morocco,2011,0.63,0.57,0.75,1.3,0.79,0.36,0.34,0.85,0.97,0.62,0.84,0.05,0.15
Morocco,2012,1.37,1.72,1.63,1.14,1.33,1.4,1.85,1.39,1.34,0.99,1.34,1.17,1.14
Morocco,2013,0.25,0.31,0.02,0.51,0.59,-0.44,0.36,-0.12,0.45,0.43,-0.02,0.4,0.49
Morocco,2014,0.54,1.14,0.34,1.29,0.64,0.37,0.49,0.09,0.74,-0.28,0.89,-0.02,0.77
Morocco,2015,0.52,0.74,0.5,0.95,0.89,0.22,0.35,0.42,0.23,0.96,0.44,0.15,0.34
Morocco,2016,0.42,0.38,0.17,0.35,1.01,0.75,0.54,0.5,0.38,0.24,0.51,0.5,-0.23
Morocco,2017,0.67,0.03,0.99,1.12,0.59,0.76,-0.11,1.02,0.82,0.92,1.03,,0.89
Morocco,2018,1.04,0.55,1.18,1.17,1.69,0.36,1.97,1.1,1.41,0.95,1.14,0.04,0.89
Morocco,2019,0.96,1.09,0.42,1.18,0.85,0.79,0.47,1.23,1.32,1.65,0.19,1.11,1.21
Morocco,2020,0.46,0.21,0.24,0.54,0.86,1.29,1.12,(0.07),0.16,0.92,0.08,0.38,-0.21
Morocco,2021,1.06,0.36,0.56,1.71,2.09,1.18,1.2,1.48,1.14,0.8,0.73,0.32,1.11
Morocco,2022,0.75,0.6,0.47,0.59,1.22,1.3,0.74,0.6,0.33,0.97,0.58,0.75,0.82
Morocco,2023,0.65,0.27,0.43,1.36,0.64,0.74,0.38,0.25,0.33,1.23,0.8,0.35,1.07
Ethiopia,1990,0.09,0.5,0.94,0.54,0.19,0.41,0.06,,-0.41,-0.6,-0.52,0.5,0.3
Ethiopia,1991,0.03,0.48,(0.5),0.62,0.73,,0.56,-0.41,-0.73,0.51,-0.45,-0.3,0.45
Ethiopia,1992,0.01,(0.11),-0.02,0.27,0.07,0.18,-0.14,0.1,-0.02,0.54,(0.39),-0.29,-0.05
Ethiopia,1993,0.22,-0.07,0.51,(0.47),0.46,0.97,0.17,0.44,0.05,-0.15,0.55,-0.23,0.38
Ethiopia,1994,0.2,-0.15,0.35,-0.01,0.6,-0.16,0.16,0.09,0.54,0.08,0.37,0.24,0.31
Ethiopia,1995,-0.03,0.43,-0.02,-0.49,0.14,0.38,-0.52,-0.33,-0.57,0.17,0.49,-0.23,0.14
Ethiopia,1996,0.37,0.92,0.14,0.39,0.37,0.51,1.4,0.31,(0.14),-0.33,0.6,-0.22,0.47
Ethiopia,1997,-0.09,-0.54,0.31,-0.11,0.34,,0.29,-0.14,0.15,-0.57,-1.21,0.08,-0.06
Ethiopia,1998,0.02,(0.57),-0.7,0.21,0.88,0.13,(0.03),0.01,0.79,0.14,(0.56),-0.14,0.05
Ethiopia,1999,(0.24),0.21,-0.32,(0.52),0.14,0.05,0.01,-0.4,-0.44,0.19,-0.12,(0.65),(0.97)
Ethiopia,2000,-0.03,0.04,-0.18,-0.13,-0.06,0.12,0.39,-0.02,-0.1,-0.29,(0.42),0.16,0.17
Ethiopia,2001,0.84,1.13,0.79,0.7,1.47,0.74,1.31,0.58,0.93,0.29,1.0,0.22,0.9
Ethiopia,2002,0.11,0.28,0.18,0.25,0.5,0.01,-0.06,0.1,-0.02,-0.33,0.41,-0.07,0.05
Ethiopia,2003,0.05,0.76,1.0,-0.21,0.62,0.06,0.67,0.06,-0.13,-1.25,-0.62,(0.24),-0.09
Ethiopia,2004,-0.0,-0.31,0.31,-0.39,0.24,0.65,0.24,0.12,-0.92,-0.52,0.61,(0.43),0.39
Ethiopia,2005,0.15,0.08,0.5,0.41,0.54,0.04,(0.16),-0.16,-0.12,-0.07,0.41,0.05,0.29
Ethiopia,2006,0.36,-0.0,0.55,0.67,0.95,0.19,-0.27,0.51,0.48,0.2,0.25,0.62,0.16
Ethiopia,2007,0.45,0.37,-0.05,0.45,0.52,1.17,0.32,0.42,0.61,-0.17,0.69,0.87,0.23
Ethiopia,2008,0.36,0.94,0.71,0.49,1.06,0.99,0.25,0.39,0.42,0.13,-0.47,(0.26),(0.36)
Ethiopia,2009,0.53,0.15,0.8,1.53,1.39,0.06,0.21,0.31,0.06,-0.21,0.42,0.73,0.9
Ethiopia,2010,0.3,0.25,0.6,0.49,0.88,0.7,0.31,-0.38,0.86,-0.09,0.3,-0.58,0.25
Ethiopia,2011,0.77,0.61,1.86,0.48,1.08,0.94,0.38,0.88,0.39,0.73,1.14,0.44,0.34
Ethiopia,2012,0.83,1.42,0.61,0.86,1.34,0.99,0.58,1.08,1.03,0.56,0.69,0.46,0.33
Ethiopia,2013,0.25,0.46,(0.06),0.43,0.66,1.08,0.4,-0.07,0.24,0.03,0.45,0.12,-0.76
Ethiopia,2014,1.51,1.76,1.84,1.26,1.32,1.84,1.94,1.99,1.7,1.06,0.51,1.49,1.39
Ethiopia,2015,0.4,0.58,-0.28,0.67,-0.12,0.47,0.72,0.11,0.82,0.84,0.14,0.29,0.57
Ethiopia,2016,0.85,0.99,0.7,0.31,0.46,1.94,1.04,0.72,1.22,0.34,0.85,0.67,0.9
Ethiopia,2017,0.49,0.19,0.34,,0.77,0.12,0.18,0.63,0.42,0.48,0.36,1.41,0.52
Ethiopia,2018,0.6,,1.09,0.74,1.06,0.92,0.57,0.63,1.13,0.51,-0.01,0.29,-0.36
Ethiopia,2019,0.79,1.29,0.33,1.0,1.36,1.38,1.38,0.02,0.87,(0.01),0.17,0.92,0.73
Ethiopia,2020,1.09,0.6,1.66,1.42,1.52,0.71,1.54,0.84,0.62,1.04,1.0,0.46,1.69
Ethiopia,2021,1.26,1.56,1.59,1.62,0.9,1.54,1.46,1.09,1.1,0.19,0.68,1.51,1.91
Ethiopia,2022,0.56,0.59,1.06,0.48,0.99,0.68,1.09,0.0,-0.02,0.46,0.36,0.32,0.65
Ethiopia,2023,0.45,-0.0,0.45,0.56,0.63,,0.95,0.76,0.53,0.2,0.0,-0.11,0.17
Tanzania,1990,-0.25,(0.47),0.15,0.08,0.03,0.62,-0.9,-0.17,(1.05),-0.09,0.09,-0.73,-0.6
Tanzania,1991,-0.52,-0.46,-0.52,-0.42,(0.43),-0.7,0.07,-0.38,-1.06,-0.94,-1.03,(0.1),-0.3
Tanzania,1992,0.18,0.69,0.69,0.09,0.05,0.04,-0.27,0.71,-0.49,0.19,0.09,-0.28,0.64
Tanzania,1993,-0.46,-0.42,-0.49,0.16,(0.05),-0.91,0.2,-0.2,-0.91,-0.71,-1.11,-0.63,-0.43
Tanzania,1994,(0.16),-0.18,-0.55,0.31,-0.57,0.19,-0.62,0.02,-0.1,-0.01,0.14,0.25,-0.74
Tanzania,1995,0.03,0.91,0.26,-0.05,0.28,0.13,-0.26,,0.24,-0.6,-0.13,-0.29,-0.63
Tanzania,1996,-0.27,(0.78),(0.2),-0.28,-0.46,-0.26,0.12,-0.13,0.03,-0.54,0.17,(0.31),
Tanzania,1997,0.25,-0.3,0.18,0.55,0.65,0.21,1.4,0.13,-0.57,0.51,0.25,0.12,-0.08
Tanzania,1998,0.11,0.97,0.5,-0.1,-0.86,0.65,0.02,0.28,-0.11,-0.21,,-0.13,0.53
Tanzania,1999,0.35,(0.09),0.07,0.72,1.02,0.99,0.1,0.79,-0.41,0.14,0.39,(0.61),1.13
Tanzania,2000,0.5,0.91,0.36,0.79,1.16,0.37,0.68,1.01,-0.05,0.61,-0.25,0.1,0.35
Tanzania,2001,0.28,0.15,0.58,0.33,0.42,1.1,0.07,0.73,0.33,,-0.26,-0.2,0.03
Tanzania,2002,0.23,0.5,0.23,0.33,0.42,0.62,0.61,-0.3,0.04,0.57,-0.47,0.11,0.09
Tanzania,2003,0.25,0.79,0.27,0.93,0.36,0.51,0.02,-0.07,0.22,0.15,0.19,0.13,
Tanzania,2004,0.0,0.45,-0.58,0.4,,0.62,0.37,-0.16,-0.28,-0.27,0.14,-0.99,0.07
Tanzania,2005,-0.04,0.19,0.35,(0.38),0.22,0.35,0.25,0.06,(0.48),-0.49,(0.64),0.16,-0.04
Tanzania,2006,0.23,-0.3,0.47,0.81,(0.15),0.34,,0.22,-0.08,0.36,0.25,0.73,0.26
Tanzania,2007,0.65,0.3,0.19,1.03,,0.98,0.68,0.14,0.88,0.59,1.14,-0.11,0.77
Tanzania,2008,0.63,0.48,1.26,0.95,0.44,0.74,0.34,0.43,0.8,0.84,0.5,0.14,0.67
Tanzania,2009,0.65,-0.1,,0.79,1.27,1.02,0.99,0.5,0.59,0.9,0.47,0.59,-0.02
Tanzania,2010,0.32,-0.33,0.37,0.68,0.99,0.25,0.73,1.07,0.12,-0.31,0.4,-0.17,0.05
Tanzania,2011,0.88,1.55,0.5,0.68,0.83,0.76,1.68,0.59,0.55,1.28,0.83,1.02,0.34
Tanzania,2012,0.26,-0.02,0.81,1.05,0.35,0.42,0.36,-0.23,0.02,0.53,-0.16,0.25,(0.23)
Tanzania,2013,0.43,0.31,0.14,1.02,1.07,0.32,0.55,0.55,-0.29,-0.2,0.85,(0.07),0.94
Tanzania,2014,0.34,0.46,0.17,0.3,1.14,-0.13,0.53,0.42,1.44,(0.41),-0.25,0.35,0.02
Tanzania,2015,0.41,0.87,0.48,0.3,0.98,0.81,0.46,0.34,0.02,0.6,0.14,0.0,(0.13)
Tanzania,2016,0.62,0.56,0.06,0.46,0.87,0.86,0.77,0.61,0.08,0.24,1.04,1.01,0.9
Tanzania,2017,0.78,1.18,0.47,1.01,0.57,0.55,1.07,1.2,0.64,1.31,0.71,0.34,0.29
Tanzania,2018,0.96,1.06,1.38,0.12,1.3,0.97,0.55,0.98,1.34,1.74,0.9,0.55,0.6
Tanzania,2019,0.95,0.62,1.36,1.3,1.29,0.56,0.97,0.43,0.68,1.21,1.31,0.93,0.69
Tanzania,2020,1.23,0.99,0.87,1.68,1.61,1.18,1.37,1.4,1.21,1.24,0.82,1.26,1.13
Tanzania,2021,0.49,,0.69,0.23,0.58,0.83,0.19,0.39,1.49,0.01,0.28,0.13,0.49
Tanzania,2022,0.43,0.46,0.37,1.15,0.79,0.33,0.99,0.17,-0.17,0.38,1.12,-0.35,-0.08
Tanzania,2023,1.08,0.79,1.4,0.89,1.31,1.92,0.67,1.46,1.22,0.28,1.07,0.91,0.99
Kenya,1990,0.05,-0.04,0.23,0.37,0.6,-0.34,0.72,-0.36,0.31,-0.04,-0.61,0.14,-0.38
Kenya,1991,0.35,0.06,-0.15,1.13,0.62,,0.11,-0.41,0.92,0.17,0.34,0.44,0.11
Kenya,1992,0.13,0.76,0.2,0.67,-0.48,0.74,-0.39,0.52,0.17,-0.09,-0.12,-0.16,-0.31
Kenya,1993,0.21,0.9,0.63,-0.16,0.32,0.22,0.06,,0.09,0.18,-0.52,0.62,0.52
Kenya,1994,0.47,-0.23,0.53,0.55,0.67,1.07,0.29,1.08,0.33,-0.02,1.02,0.42,-0.02
Kenya,1995,0.05,0.4,0.19,0.38,0.02,-0.35,0.29,,0.26,-0.25,-0.59,(0.41),0.47
Kenya,1996,-0.08,-0.23,-0.07,-0.12,-0.13,(0.23),0.61,0.22,0.35,0.36,-1.19,(0.09),(0.38)
Kenya,1997,0.5,0.21,0.19,0.11,0.59,1.05,0.71,0.03,1.27,0.6,0.62,0.85,-0.25
Kenya,1998,0.01,0.26,-0.3,-0.01,0.1,-0.41,-0.12,0.29,0.12,0.2,0.13,-0.08,-0.04
Kenya,1999,0.3,0.05,(0.01),0.2,0.37,0.21,0.57,0.38,0.32,0.27,0.58,0.12,
Kenya,2000,0.63,0.86,1.15,0.81,0.65,0.62,0.32,0.2,0.67,-0.15,0.85,0.17,1.45
Kenya,2001,0.01,0.17,0.03,-0.08,0.69,-0.2,-0.1,0.3,0.27,-0.66,0.1,-0.05,(0.4)
Kenya,2002,0.07,-0.75,0.85,0.64,-0.25,0.56,-0.07,0.43,-0.24,(0.26),-0.25,-0.37,0.52
Kenya,2003,0.62,0.64,1.1,0.12,0.3,0.96,0.99,0.71,-0.26,-0.0,0.56,1.39,0.98
Kenya,2004,0.87,0.96,1.06,0.58,1.4,0.97,1.2,0.84,0.83,0.61,0.71,1.05,0.22
Kenya,2005,-0.06,0.1,0.6,0.78,-0.36,-0.06,,-0.29,0.28,(0.25),-0.42,-0.03,-0.49
Kenya,2006,0.89,0.88,0.82,1.29,1.45,1.69,0.89,1.31,0.82,0.46,0.37,0.27,0.48
Kenya,2007,0.64,1.04,0.36,0.23,0.51,0.62,0.74,1.23,0.44,1.26,-0.11,,0.97
Kenya,2008,0.74,0.57,1.2,1.2,0.63,1.0,1.09,0.46,1.28,0.2,0.56,0.03,0.65
Kenya,2009,0.3,0.04,-0.38,0.65,0.5,0.76,0.12,0.61,0.07,0.03,0.8,-0.21,0.55
Kenya,2010,0.73,0.42,0.22,0.4,1.3,1.51,0.78,0.7,0.85,0.5,0.88,0.59,
Kenya,2011,0.03,(0.06),-0.85,0.98,0.46,0.33,-0.37,0.06,-0.09,-0.18,0.25,0.19,(0.33)
Kenya,2012,0.16,-0.36,0.98,0.93,0.02,-0.46,0.31,0.18,0.19,0.28,0.14,(0.46),0.18
Kenya,2013,0.73,0.54,1.05,0.78,,0.47,1.39,0.16,1.45,0.2,0.71,0.01,0.19
Kenya,2014,0.91,1.28,1.07,1.34,1.49,0.77,0.41,0.86,0.54,0.85,0.89,0.42,1.05
Kenya,2015,1.01,1.11,0.76,1.31,1.23,1.25,1.59,0.95,0.48,0.2,1.07,0.79,1.39
Kenya,2016,0.1,0.41,0.04,0.07,-0.06,0.57,0.39,(0.42),0.01,0.15,-0.09,0.31,(0.17)
Kenya,2017,-0.08,0.07,0.17,0.3,0.64,-0.61,0.0,-0.37,-0.58,(0.2),0.08,,-0.38
Kenya,2018,0.69,1.03,1.03,0.61,0.61,0.14,0.58,-0.04,1.38,0.14,0.9,1.21,0.64
Kenya,2019,0.72,0.17,0.59,1.51,1.04,,1.32,0.97,0.54,0.61,0.19,0.3,0.51
Kenya,2020,0.63,0.42,1.05,0.93,,0.94,0.09,0.61,0.38,0.63,-0.19,0.82,1.18
Kenya,2021,0.61,0.94,,0.29,0.94,1.19,0.31,0.55,0.54,1.71,0.63,-0.2,(0.22)
Kenya,2022,1.04,2.01,1.01,1.06,1.39,0.87,0.1,1.43,0.67,1.27,0.51,0.89,1.26
Kenya,2023,1.06,1.24,1.32,1.57,1.53,0.8,0.74,0.3,1.35,0.81,1.27,1.13,0.65
Uganda,1990,0.24,-0.22,-0.18,0.5,1.17,0.58,0.05,0.47,0.55,-0.77,0.25,0.1,0.34
Uganda,1991,0.3,0.18,1.18,0.58,0.3,0.64,0.76,0.31,0.33,0.13,-0.2,-0.23,-0.39
Uganda,1992,0.32,0.42,(0.77),0.84,0.86,-0.07,0.27,0.15,0.11,0.82,0.25,0.16,0.85
Uganda,1993,0.12,(0.47),0.08,0.53,0.05,1.21,0.37,-0.08,(0.33),0.42,-0.24,0.2,(0.34)
Uganda,1994,0.11,(0.13),0.09,(0.02),0.73,0.1,0.16,0.08,0.67,0.3,0.24,(0.68),-0.24
Uganda,1995,0.47,0.01,0.62,0.23,0.3,1.33,0.87,0.87,0.7,0.25,0.0,0.15,0.3
Uganda,1996,0.78,0.15,0.56,0.49,1.31,1.6,0.91,0.84,0.62,0.68,0.79,0.68,0.78
Uganda,1997,0.25,-0.3,0.51,0.7,0.77,0.51,0.57,0.12,-0.4,0.63,-0.25,0.17,0.01
Uganda,1998,0.81,0.64,0.65,1.15,1.74,1.01,0.63,0.95,-0.05,0.52,1.27,0.57,0.62
Uganda,1999,0.28,0.07,0.46,0.71,0.3,(0.59),0.52,1.08,(0.02),-0.53,0.3,0.76,0.34
Uganda,2000,0.75,1.08,1.15,0.73,1.08,0.93,0.84,0.67,0.76,0.08,0.89,0.24,0.57
Uganda,2001,0.19,0.0,(0.31),0.39,0.0,0.83,0.01,0.97,0.27,0.22,-0.62,0.26,0.24
Uganda,2002,(0.13),(0.05),-0.15,(0.0),0.12,-0.11,0.11,-0.12,-0.0,-0.47,-0.72,,0.39
Uganda,2003,0.75,1.1,1.22,0.6,0.93,0.82,0.98,0.5,0.55,0.47,0.62,0.7,0.55
Uganda,2004,0.43,0.48,1.15,-0.13,0.2,0.83,,0.49,0.55,0.3,-0.04,0.47,0.3
Uganda,2005,0.51,0.52,0.6,0.5,1.13,0.94,0.74,1.27,,-0.12,0.38,-0.03,0.15
Uganda,2006,-0.09,0.35,-0.38,0.24,0.3,0.1,-0.5,-0.6,-0.29,0.15,0.02,-0.08,-0.35
Uganda,2007,0.49,(0.19),-0.33,0.6,0.51,1.11,0.69,1.19,0.21,0.55,0.23,0.91,0.35
Uganda,2008,0.38,0.28,0.64,0.85,1.41,0.0,0.67,0.56,-0.22,0.35,-0.11,,0.5
Uganda,2009,0.29,0.29,0.59,0.21,1.3,0.55,1.0,(0.29),-0.05,0.49,0.1,-0.22,-0.45
Uganda,2010,0.7,0.98,,0.69,0.47,0.87,0.29,0.42,1.12,-0.19,0.79,,0.95
Uganda,2011,0.59,0.46,0.49,-0.08,0.86,0.66,0.47,0.64,0.57,0.22,1.09,0.76,0.9
Uganda,2012,0.66,0.72,0.26,0.96,0.64,0.28,0.61,0.4,1.35,0.52,0.95,0.8,0.43
Uganda,2013,0.42,-0.25,0.19,0.88,0.52,0.77,-0.27,0.62,0.78,-0.44,0.39,0.81,1.01
Uganda,2014,0.57,0.76,1.12,0.78,1.16,0.61,0.71,0.2,0.28,0.45,(0.03),0.19,0.65
Uganda,2015,1.35,0.42,2.13,1.31,1.83,1.88,1.97,0.95,1.05,1.05,0.9,1.6,1.11
Uganda,2016,0.19,-0.09,-0.37,0.25,0.63,0.08,0.1,,0.12,0.2,0.29,0.89,0.11
Uganda,2017,0.95,0.26,0.84,0.96,0.69,0.85,0.95,0.69,1.84,0.93,1.5,1.32,0.54
Uganda,2018,0.68,0.54,0.75,0.49,0.73,1.03,0.94,0.81,0.59,,0.41,1.09,-0.13
Uganda,2019,0.93,1.12,0.75,0.95,1.31,1.46,0.32,1.17,0.64,1.2,-0.01,1.73,0.47
Uganda,2020,1.15,1.15,0.95,1.46,1.79,0.73,1.56,1.17,1.31,1.01,0.75,0.56,1.35
Uganda,2021,0.85,1.24,1.25,1.53,1.74,0.4,0.14,1.66,0.34,0.37,0.66,0.14,0.72
Uganda,2022,0.59,0.42,0.73,0.55,0.56,,1.03,1.16,0.33,1.07,0.67,-0.15,-0.09
Uganda,2023,0.5,1.23,0.55,0.07,0.76,0.03,0.33,0.42,0.61,0.89,0.73,0.01,0.4
Malawi,1990,-0.17,-0.08,0.02,-0.49,-0.24,0.03,-1.11,0.28,-0.63,0.12,0.06,-0.37,0.32
Malawi,1991,0.22,0.12,0.18,0.86,0.54,0.84,(0.61),0.29,-0.48,0.06,0.33,0.77,-0.23
Malawi,1992,-0.11,-0.15,-0.4,0.46,0.06,0.11,0.24,-0.14,-0.53,-0.31,-0.65,-0.24,0.19
Malawi,1993,(0.41),(0.89),,(0.41),-0.06,0.02,(1.03),-0.0,-0.85,-0.46,-0.74,,0.3
Malawi,1994,0.39,0.56,0.36,0.62,0.56,0.47,0.74,0.26,1.01,0.41,-0.46,-0.05,0.25
Malawi,1995,0.05,0.41,0.56,-0.23,0.85,0.11,-0.0,(0.1),0.36,-0.14,(0.33),-0.2,-0.68
Malawi,1996,-0.17,(0.6),(0.11),0.34,0.32,0.57,0.41,-0.31,,-0.29,-1.16,-0.76,-0.27
Malawi,1997,0.17,0.33,0.41,(0.41),0.53,0.37,0.47,0.55,-0.03,0.45,-0.43,-0.43,0.19
Malawi,1998,0.23,0.19,0.99,0.42,0.37,-0.09,-0.49,0.06,0.42,-0.21,0.05,0.49,0.55
Malawi,1999,0.43,0.42,(0.15),0.27,0.44,0.19,0.55,1.12,0.86,0.28,0.47,-0.11,0.84
Malawi,2000,-0.28,0.15,0.08,-0.35,-0.1,(0.5),-0.56,-0.86,-0.01,0.09,-1.28,0.34,-0.32
Malawi,2001,0.51,-0.23,0.99,0.62,1.02,1.02,1.0,0.1,0.18,-0.06,0.52,0.32,0.69
Malawi,2002,0.67,-0.06,1.27,1.19,0.69,0.95,0.68,0.88,0.39,0.65,0.46,0.29,0.61
Malawi,2003,1.15,0.86,1.14,1.04,1.11,1.64,1.52,1.13,1.45,,0.87,0.35,1.37
Malawi,2004,0.34,0.41,0.31,0.87,0.74,0.48,0.01,0.83,0.54,0.33,-0.86,0.21,0.2
Malawi,2005,0.24,0.49,0.58,0.54,0.8,-0.05,0.11,0.22,-0.16,0.31,-0.22,0.54,(0.28)
Malawi,2006,1.04,1.85,1.1,1.67,1.08,1.62,1.07,0.53,-0.47,0.76,0.95,1.4,0.95
Malawi,2007,0.66,0.54,0.69,1.32,-0.06,0.9,0.67,,0.41,0.76,0.89,(0.04),0.57
Malawi,2008,0.26,0.7,0.69,0.4,0.1,0.91,0.39,-0.33,(0.39),0.32,-0.39,0.89,-0.15
Malawi,2009,0.33,0.54,0.28,(0.25),0.75,0.35,0.62,0.43,0.48,0.93,0.06,0.11,(0.29)
Malawi,2010,0.37,0.61,0.35,0.78,0.57,0.09,0.67,0.36,0.39,0.04,-0.02,0.33,0.25
Malawi,2011,1.01,1.36,1.36,1.14,0.43,0.89,0.88,0.93,0.93,1.13,0.95,1.33,0.82
Malawi,2012,0.73,0.76,0.83,1.31,1.15,0.27,0.68,0.62,1.39,0.32,0.03,0.63,0.73
Malawi,2013,0.62,0.46,1.03,0.38,0.62,0.52,1.09,0.67,0.03,-0.01,1.1,0.81,0.79
Malawi,2014,0.53,1.21,0.26,1.08,0.63,0.68,0.99,0.55,0.33,0.23,-0.39,0.74,0.1
Malawi,2015,1.2,1.07,1.81,0.63,1.68,1.75,1.8,0.57,0.8,1.24,1.04,1.13,0.94
Malawi,2016,1.3,,1.26,1.47,1.34,1.8,1.55,0.69,0.77,0.54,1.99,1.2,0.78
Malawi,2017,0.56,0.79,0.93,0.96,0.5,0.77,0.62,0.1,0.0,0.46,0.35,0.52,0.69
Malawi,2018,1.17,,1.5,1.62,1.22,1.37,1.14,1.99,1.09,1.16,0.84,0.78,0.53
Malawi,2019,1.02,1.36,1.03,0.87,1.33,1.03,1.07,0.55,1.04,0.98,1.29,0.82,0.82
Malawi,2020,0.21,0.72,0.74,0.47,(0.05),-0.03,0.16,0.67,0.3,(0.49),0.24,-0.23,-0.03
Malawi,2021,1.08,1.37,1.6,1.23,1.62,1.01,1.06,0.94,0.98,0.38,0.78,1.47,0.53
Malawi,2022,0.39,-0.1,1.57,0.76,0.49,0.6,0.59,0.15,0.09,0.16,-0.09,0.07,0.44
Malawi,2023,0.43,1.57,0.93,0.19,-0.27,0.42,0.9,0.72,0.38,0.11,(0.04),0.19,0.02
Mali,2000,0.24,0.29,0.4,0.46,0.75,0.81,1.03,(0.21),,0.09,-0.39,-0.3,0.21
Mali,2001,0.53,1.06,0.57,0.9,0.84,0.73,0.32,0.17,0.71,0.04,-0.37,0.36,1.03
Mali,2002,-0.66,-0.65,-0.17,-1.09,-0.42,-0.82,-0.84,(0.7),-1.09,(1.19),-0.76,0.18,-0.34
Mali,2003,0.79,0.95,0.45,0.93,1.27,1.13,0.81,0.84,1.51,0.79,0.3,0.43,0.11
Mali,2004,1.3,1.7,1.19,2.1,1.51,1.05,1.52,1.21,1.29,0.33,0.53,1.48,1.63
Mali,2005,0.69,1.69,1.13,1.18,0.63,0.74,0.1,0.67,(0.12),1.06,0.75,-0.18,0.62
Mali,2006,0.73,0.94,0.69,0.45,0.49,1.38,0.92,0.85,0.72,0.76,0.3,0.94,0.32
Mali,2007,0.31,0.6,0.45,0.65,1.26,0.35,0.31,0.09,(0.08),,0.03,0.17,0.26
Mali,2008,0.42,0.84,0.58,0.48,0.3,0.02,1.15,0.19,-0.0,0.13,0.16,0.95,0.24
Mali,2009,1.55,1.29,2.19,1.8,1.61,2.07,1.81,1.52,2.09,0.89,0.67,0.82,1.87
Mali,2010,0.74,0.73,0.09,1.03,0.73,0.91,0.61,0.29,1.59,0.49,1.3,0.67,0.38
Mali,2011,0.64,0.52,0.69,0.91,0.55,0.2,0.76,1.06,0.22,0.57,1.08,0.47,0.61
Mali,2012,0.44,0.29,0.27,0.34,0.91,1.04,0.99,0.42,0.9,0.52,0.39,(0.94),0.14
Mali,2013,0.1,0.37,0.26,-0.14,0.44,(0.28),-0.2,-0.17,0.23,0.51,(0.32),0.47,0.04
Mali,2014,0.76,0.65,0.69,1.02,1.17,0.49,0.7,1.34,0.64,0.61,0.94,0.3,0.56
Mali,2015,0.84,1.37,0.02,0.75,0.67,0.99,0.6,1.14,0.84,1.05,1.05,0.97,0.64
Mali,2016,0.51,0.5,0.24,1.24,0.85,0.25,1.0,0.59,-0.24,-0.04,0.2,0.59,0.9
Mali,2017,0.99,1.14,0.99,1.76,1.38,1.16,1.23,0.74,0.78,-0.1,0.55,1.43,0.86
Mali,2018,0.69,1.13,0.98,0.59,0.94,0.45,0.91,0.4,1.0,0.35,0.2,0.51,0.78
Mali,2019,0.32,0.15,0.5,1.07,-0.45,0.78,0.31,0.16,-0.01,0.04,0.41,-0.03,0.93
Mali,2020,1.03,1.02,0.97,1.59,1.67,0.65,0.76,1.19,1.21,0.64,0.44,0.8,1.43
Mali,2021,0.8,0.28,0.93,1.27,0.95,1.46,1.23,0.76,0.7,-0.12,1.07,0.48,0.53
Mali,2022,0.71,0.82,0.28,0.41,0.81,0.56,0.87,0.4,1.17,0.74,0.71,0.22,1.5
Mali,2023,0.98,0.41,1.08,0.94,0.57,1.74,1.18,0.69,1.55,0.84,0.49,1.43,0.86
Myanmar,1995,0.35,0.9,0.66,-0.13,0.22,0.83,1.0,0.35,-0.07,0.75,0.03,-0.15,(0.15)
Myanmar,1996,-0.12,0.92,0.46,-0.3,0.68,0.18,0.08,(0.5),-0.51,-0.4,-1.19,-0.58,-0.31
Myanmar,1997,0.5,0.32,0.99,-0.08,1.23,0.38,0.72,0.73,0.55,0.35,-0.13,0.04,0.87
Myanmar,1998,0.0,-0.02,(0.48),0.54,-0.31,0.56,-0.3,0.43,(0.08),-0.38,0.46,-0.18,(0.22)
Myanmar,1999,0.24,-0.09,-0.41,1.13,0.36,1.02,0.62,0.03,0.64,0.16,-0.13,-0.1,-0.3
Myanmar,2000,0.43,(0.0),0.46,0.47,0.19,-0.07,1.48,0.35,1.0,0.66,0.04,0.27,0.33
Myanmar,2001,0.83,1.16,0.61,1.14,1.35,0.53,1.13,1.37,0.39,0.37,1.09,0.51,0.34
Myanmar,2002,0.55,0.8,0.7,1.19,1.24,0.7,1.45,1.2,-0.33,-0.02,-0.54,0.26,-0.02
Myanmar,2003,-0.01,0.52,-0.52,0.31,0.33,0.22,0.23,-0.81,-0.34,0.52,(0.6),0.57,-0.58
Myanmar,2004,-0.02,-0.49,0.44,-0.15,0.23,0.09,-0.03,0.4,0.1,-0.74,-0.42,0.42,(0.08)
Myanmar,2005,0.08,-0.65,0.38,0.38,-0.25,0.39,0.66,0.51,0.46,-0.03,-0.35,,(0.18)
Myanmar,2006,(0.03),-0.01,0.75,-0.33,(0.28),0.64,0.1,,0.01,-0.12,-0.24,0.24,-0.5
Myanmar,2007,0.55,0.34,0.54,-0.09,0.42,0.61,0.75,1.17,0.65,0.44,0.74,0.13,0.95
Myanmar,2008,0.84,0.61,1.66,1.14,1.86,1.08,0.66,0.48,,0.38,1.09,0.6,0.04
Myanmar,2009,0.52,0.59,0.45,0.82,0.72,0.97,,0.68,-0.08,1.21,-0.28,0.31,0.0
Myanmar,2010,0.79,0.67,0.65,1.4,1.26,0.66,1.04,1.24,0.96,0.39,-0.22,0.58,0.79
Myanmar,2011,0.56,0.3,0.36,1.02,1.24,0.94,0.36,0.75,0.45,0.09,,-0.17,0.44
Myanmar,2012,0.86,0.69,1.13,1.35,1.1,1.16,0.94,,0.61,0.5,0.61,1.1,0.0
Myanmar,2013,0.25,1.21,0.51,0.31,0.82,0.16,-0.44,0.44,(0.09),0.17,0.23,0.19,-0.48
Myanmar,2014,0.43,0.79,0.15,0.17,0.38,1.08,-0.09,0.94,0.66,0.33,(0.18),0.12,0.82
Myanmar,2015,1.11,0.59,1.56,1.45,1.2,0.88,0.87,1.73,0.97,1.36,0.9,0.65,
Myanmar,2016,1.21,1.04,1.76,1.55,0.92,0.88,1.22,1.44,,0.5,1.36,1.08,1.2
Myanmar,2017,0.89,1.55,1.07,0.48,0.98,1.37,,1.12,0.55,0.13,0.89,0.19,1.03
Myanmar,2018,0.8,0.72,0.96,1.16,0.86,0.53,0.99,0.93,1.35,0.42,1.14,0.28,0.27
Myanmar,2019,0.57,0.26,0.19,1.59,0.65,1.73,0.34,-0.05,1.05,0.17,0.49,-0.08,0.52
Myanmar,2020,0.38,0.31,0.25,0.6,0.79,0.61,0.62,0.29,0.06,0.35,0.09,0.14,0.4
Myanmar,2021,0.49,1.04,0.47,0.69,0.65,0.9,0.7,0.45,0.94,-0.99,0.76,0.66,-0.37
Myanmar,2022,1.12,1.5,1.4,0.63,1.55,1.65,0.95,1.26,0.84,1.26,0.75,0.67,0.96
Myanmar,2023,0.48,0.37,0.67,0.94,0.72,0.02,1.06,1.0,0.37,-0.05,0.01,0.17,0.43
Nepal,1990,-0.07,-0.43,0.42,0.18,(0.31),0.2,0.07,-0.38,0.29,(0.21),-0.38,-0.3,-0.01
Nepal,1991,0.16,-0.03,0.53,-0.39,-0.3,0.49,1.07,0.35,0.65,,-0.45,0.01,0.28
Nepal,1992,-0.37,-0.43,-0.25,-0.44,-0.37,0.17,-0.06,-0.02,-0.31,-0.87,(0.37),-0.9,-0.57
Nepal,1993,-0.41,-0.48,-0.1,-0.25,-0.39,0.39,-0.18,-0.45,-0.77,-1.16,-0.52,-0.96,-0.05
Nepal,1994,0.2,0.73,0.3,(0.01),-0.44,0.6,-0.31,-0.05,0.68,0.18,0.06,0.31,0.37
Nepal,1995,0.46,0.36,0.55,0.4,0.79,0.72,(0.0),0.34,,0.52,0.69,0.38,(0.26)
Nepal,1996,0.11,0.53,(0.26),0.58,-0.37,0.29,,-0.01,1.0,-0.26,-0.32,0.02,-0.29
Nepal,1997,-0.24,-0.7,0.15,-0.21,0.62,-0.26,0.13,-0.05,-0.54,-0.78,-1.15,-0.21,0.12
Nepal,1998,-0.32,-0.43,-0.44,0.12,-0.21,0.43,-0.33,-0.77,-0.56,-0.59,-0.27,-0.6,-0.2
Nepal,1999,0.11,-0.13,-0.23,-0.18,0.7,-0.12,-0.05,0.41,0.19,0.47,-0.02,-0.43,
Nepal,2000,0.48,0.36,0.55,0.67,0.53,0.05,1.18,0.42,0.4,1.08,-0.05,0.51,0.01
Nepal,2001,0.47,0.45,0.79,1.03,0.34,1.11,1.07,0.27,0.27,0.0,0.05,-0.28,0.58
Nepal,2002,(0.27),(0.59),-0.23,0.38,-0.33,0.03,(0.25),0.06,-0.26,-0.16,-0.74,-0.89,-0.27
Nepal,2003,0.26,0.19,0.41,0.85,0.69,0.08,-0.18,0.86,-0.55,-0.18,0.24,0.66,0.0
Nepal,2004,0.24,0.01,0.51,0.07,0.26,0.84,0.28,0.73,0.2,-0.36,0.63,-0.34,0.02
Nepal,2005,0.27,0.72,0.2,0.12,0.58,0.4,0.23,0.4,-0.27,-0.55,0.97,0.18,0.28
Nepal,2006,-0.13,0.52,0.05,-0.78,0.14,0.23,0.2,0.09,-0.19,-0.3,-0.15,-0.67,-0.72
Nepal,2007,0.31,0.5,0.91,0.53,0.18,-0.15,0.2,0.62,0.93,0.3,-0.23,(0.07),0.01
Nepal,2008,0.27,0.78,0.91,0.43,0.6,0.18,(0.26),1.04,-0.7,-0.58,0.85,0.16,-0.22
Nepal,2009,0.54,0.99,0.25,0.64,,0.53,0.89,1.25,-0.38,0.37,0.58,(0.21),0.37
Nepal,2010,0.79,0.53,0.32,1.44,1.19,0.96,0.87,1.22,0.83,0.9,0.34,-0.13,0.96
Nepal,2011,0.83,0.77,1.31,0.89,1.02,1.73,0.84,0.72,0.01,0.96,0.37,0.74,0.63
Nepal,2012,0.56,0.37,0.5,1.06,1.22,0.85,,0.76,0.51,0.83,-0.31,-0.03,-0.01
Nepal,2013,0.4,0.76,0.14,0.86,0.45,0.52,0.66,1.16,0.1,0.28,(0.15),0.02,-0.05
Nepal,2014,0.71,0.84,1.05,0.55,1.08,0.89,0.75,0.18,0.63,0.57,0.51,0.66,0.85
Nepal,2015,0.21,0.21,0.6,0.36,0.88,0.5,(0.39),0.63,0.15,-0.59,-0.01,-0.38,0.5
Nepal,2016,0.54,0.27,,1.0,0.74,0.31,0.4,0.3,0.84,(0.21),0.42,0.37,0.95
Nepal,2017,0.72,0.96,0.63,0.43,0.81,1.23,1.15,0.57,0.3,0.15,0.49,0.63,1.23
Nepal,2018,0.7,0.98,0.52,0.93,0.99,0.85,0.83,0.79,0.83,1.03,(0.37),1.01,-0.05
Nepal,2019,0.85,1.76,0.9,1.06,0.89,1.26,1.06,0.55,0.67,0.2,0.57,0.48,0.77
